CG,Angle_1,Angle_2,Angle_3,Angle_4,Angle_5,Angle_6
2.0,"[  3.34269073  43.77055619  58.36299369 176.65730927 136.22944381
 121.63700631]"
2.015,"[  2.8967929   43.57163037  58.27177612 177.1032071  136.42836963
 121.72822388]"
2.03,"[  2.45054362  43.37138172  58.18008638 177.54945638 136.62861828
 121.81991362]"
2.045,"[  2.00399666  43.16980195  58.08792125 177.99600334 136.83019805
 121.91207875]"
2.06,"[  1.55720602  42.96688277  57.9952775  178.44279398 137.03311723
 122.0047225 ]"
2.075,"[  1.11022587  42.76261593  57.90215189 178.88977413 137.23738407
 122.09784811]"
2.09,"[  0.66311053  42.55699322  57.80854115 179.33688947 137.44300678
 122.19145885]"
2.105,"[  0.21591441  42.35000643  57.71444197 179.78408559 137.64999357
 122.28555803]"
2.12,"[  -0.23130802   42.1416474    57.61985104 -179.76869198  137.8583526
  122.38014896]"
2.135,"[  -0.67850226   41.931908     57.524765   -179.32149774  138.068092
  122.475235  ]"
2.15,"[  -1.12561385   41.72078015   57.4291805  -178.87438615  138.27921985
  122.5708195 ]"
2.165,"[  -1.57258838   41.50825581   57.33309414 -178.42741162  138.49174419
  122.66690586]"
2.18,"[  -2.01937153   41.29432699   57.23650249 -177.98062847  138.70567301
  122.76349751]"
2.195,"[  -2.46590914   41.07898573   57.13940212 -177.53409086  138.92101427
  122.86059788]"
2.21,"[  -2.91214722   40.86222415   57.04178957 -177.08785278  139.13777585
  122.95821043]"
2.225,"[  -3.35803199   40.64403441   56.94366132 -176.64196801  139.35596559
  123.05633868]"
2.24,"[  -3.80350994   40.42440876   56.84501388 -176.19649006  139.57559124
  123.15498612]"
2.255,"[  -4.24852784   40.20333947   56.74584369 -175.75147216  139.79666053
  123.25415631]"
2.27,"[  -4.6930328    39.98081892   56.6461472  -175.3069672   140.01918108
  123.3538528 ]"
2.285,"[  -5.13697229   39.75683956   56.5459208  -174.86302771  140.24316044
  123.4540792 ]"
2.3,"[  -5.58029421   39.53139389   56.44516089 -174.41970579  140.46860611
  123.55483911]"
2.315,"[  -6.02294688   39.30447453   56.34386381 -173.97705312  140.69552547
  123.65613619]"
2.33,"[  -6.46487909   39.07607417   56.2420259  -173.53512091  140.92392583
  123.7579741 ]"
2.3449999999999998,"[  -6.90604015   38.84618558   56.13964346 -173.09395985  141.15381442
  123.86035654]"
2.36,"[  -7.34637991   38.61480166   56.03671278 -172.65362009  141.38519834
  123.96328722]"
2.375,"[  -7.7858488    38.38191538   55.9332301  -172.2141512   141.61808462
  124.0667699 ]"
2.39,"[  -8.22439785   38.14751984   55.82919167 -171.77560215  141.85248016
  124.17080833]"
2.405,"[  -8.66197872   37.91160823   55.72459367 -171.33802128  142.08839177
  124.27540633]"
2.42,"[  -9.09854375   37.67417389   55.61943229 -170.90145625  142.32582611
  124.38056771]"
2.435,"[  -9.53404595   37.43521025   55.51370367 -170.46595405  142.56478975
  124.48629633]"
2.45,"[  -9.96843908   37.19471088   55.40740394 -170.03156092  142.80528912
  124.59259606]"
2.465,"[ -10.40167763   36.95266948   55.30052921 -169.59832237  143.04733052
  124.69947079]"
2.48,"[ -10.83371684   36.70907991   55.19307553 -169.16628316  143.29092009
  124.80692447]"
2.495,"[ -11.26451278   36.46393616   55.08503895 -168.73548722  143.53606384
  124.91496105]"
2.51,"[ -11.6940223    36.21723235   54.9764155  -168.3059777   143.78276765
  125.0235845 ]"
2.525,"[ -12.12220312   35.96896278   54.86720116 -167.87779688  144.03103722
  125.13279884]"
2.54,"[ -12.54901378   35.71912193   54.75739191 -167.45098622  144.28087807
  125.24260809]"
2.5549999999999997,"[ -12.97441372   35.4677044    54.64698367 -167.02558628  144.5322956
  125.35301633]"
2.57,"[ -13.39836325   35.21470501   54.53597237 -166.60163675  144.78529499
  125.46402763]"
2.585,"[ -13.8208236    34.96011873   54.42435388 -166.1791764   145.03988127
  125.57564612]"
2.6,"[ -14.24175691   34.70394075   54.31212407 -165.75824309  145.29605925
  125.68787593]"
2.615,"[ -14.66112626   34.44616641   54.19927877 -165.33887374  145.55383359
  125.80072123]"
2.63,"[ -15.07889567   34.1867913    54.08581378 -164.92110433  145.8132087
  125.91418622]"
2.645,"[ -15.49503012   33.92581117   53.97172489 -164.50496988  146.07418883
  126.02827511]"
2.66,"[ -15.90949553   33.66322202   53.85700785 -164.09050447  146.33677798
  126.14299215]"
2.675,"[ -16.32225883   33.39902006   53.74165837 -163.67774117  146.60097994
  126.25834163]"
2.69,"[ -16.73328789   33.13320171   53.62567216 -163.26671211  146.86679829
  126.37432784]"
2.705,"[ -17.1425516    32.86576365   53.5090449  -162.8574484   147.13423635
  126.4909551 ]"
2.7199999999999998,"[ -17.5500198    32.59670279   53.39177222 -162.4499802   147.40329721
  126.60822778]"
2.735,"[ -17.95566334   32.32601629   53.27384974 -162.04433666  147.67398371
  126.72615026]"
2.75,"[ -18.35945406   32.05370156   53.15527307 -161.64054594  147.94629844
  126.84472693]"
2.765,"[ -18.76136481   31.77975628   53.03603775 -161.23863519  148.22024372
  126.96396225]"
2.7800000000000002,"[ -19.16136939   31.50417841   52.91613933 -160.83863061  148.49582159
  127.08386067]"
2.795,"[ -19.55944263   31.22696616   52.79557333 -160.44055737  148.77303384
  127.20442667]"
2.81,"[ -19.95556033   30.94811805   52.67433522 -160.04443967  149.05188195
  127.32566478]"
2.825,"[ -20.34969929   30.66763288   52.55242047 -159.65030071  149.33236712
  127.44757953]"
2.84,"[ -20.74183726   30.38550976   52.42982451 -159.25816274  149.61449024
  127.57017549]"
2.855,"[ -21.13195299   30.10174809   52.30654274 -158.86804701  149.89825191
  127.69345726]"
2.87,"[ -21.5200262    29.8163476    52.18257055 -158.4799738   150.1836524
  127.81742945]"
2.885,"[ -21.90603756   29.52930835   52.05790329 -158.09396244  150.47069165
  127.94209671]"
2.9,"[ -22.2899687    29.24063069   51.93253629 -157.7100313   150.75936931
  128.06746371]"
2.915,"[ -22.67180219   28.95031536   51.80646485 -157.32819781  151.04968464
  128.19353515]"
2.9299999999999997,"[ -23.05152154   28.65836341   51.67968425 -156.94847846  151.34163659
  128.32031575]"
2.945,"[ -23.42911117   28.36477625   51.55218973 -156.57088883  151.63522375
  128.44781027]"
2.96,"[ -23.80455644   28.06955564   51.42397654 -156.19544356  151.93044436
  128.57602346]"
2.975,"[ -24.1778436    27.77270373   51.29503986 -155.8221564   152.22729627
  128.70496014]"
2.99,"[ -24.54895978   27.47422302   51.16537488 -155.45104022  152.52577698
  128.83462512]"
3.005,"[ -24.917893     27.17411641   51.03497674 -155.082107    152.82588359
  128.96502326]"
3.02,"[ -25.28463214   26.87238718   50.90384057 -154.71536786  153.12761282
  129.09615943]"
3.035,"[ -25.64916693   26.569039     50.77196147 -154.35083307  153.430961
  129.22803853]"
3.05,"[ -26.01148795   26.26407595   50.63933453 -153.98851205  153.73592405
  129.36066547]"
3.065,"[ -26.37158658   25.95750252   50.50595479 -153.62841342  154.04249748
  129.49404521]"
3.08,"[ -26.72945503   25.64932361   50.37181729 -153.27054497  154.35067639
  129.62818271]"
3.0949999999999998,"[ -27.08508628   25.33954455   50.23691702 -152.91491372  154.66045545
  129.76308298]"
3.11,"[ -27.4384741    25.02817109   50.10124899 -152.5615259   154.97182891
  129.89875101]"
3.125,"[ -27.78961303   24.71520943   49.96480814 -152.21038697  155.28479057
  130.03519186]"
3.1399999999999997,"[ -28.13849833   24.40066621   49.82758942 -151.86150167  155.59933379
  130.17241058]"
3.1550000000000002,"[ -28.48512602   24.08454851   49.68958774 -151.51487398  155.91545149
  130.31041226]"
3.17,"[ -28.8294928    23.76686386   49.550798   -151.1705072   156.23313614
  130.449202  ]"
3.185,"[ -29.17159609   23.44762026   49.41121507 -150.82840391  156.55237974
  130.58878493]"
3.2,"[ -29.51143397   23.12682618   49.27083381 -150.48856603  156.87317382
  130.72916619]"
3.215,"[ -29.84900522   22.80449056   49.12964903 -150.15099478  157.19550944
  130.87035097]"
3.23,"[ -30.18430921   22.4806228    48.98765556 -149.81569079  157.5193772
  131.01234444]"
3.245,"[ -30.51734599   22.1552328    48.84484819 -149.48265401  157.8447672
  131.15515181]"
3.26,"[ -30.84811619   21.82833094   48.70122168 -149.15188381  158.17166906
  131.29877832]"
3.275,"[ -31.17662106   21.49992809   48.55677079 -148.82337894  158.50007191
  131.44322921]"
3.29,"[ -31.5028624    21.17003561   48.41149026 -148.4971376   158.82996439
  131.58850974]"
3.3049999999999997,"[ -31.8268426    20.83866536   48.26537479 -148.1731574   159.16133464
  131.73462521]"
3.32,"[ -32.14856458   20.50582972   48.1184191  -147.85143542  159.49417028
  131.8815809 ]"
3.335,"[ -32.46803179   20.17154154   47.97061785 -147.53196821  159.82845846
  132.02938215]"
3.3499999999999996,"[ -32.7852482    19.8358142    47.82196573 -147.2147518   160.1641858
  132.17803427]"
3.365,"[ -33.10021827   19.4986616    47.67245736 -146.89978173  160.5013384
  132.32754264]"
3.38,"[ -33.41294694   19.16009814   47.5220874  -146.58705306  160.83990186
  132.4779126 ]"
3.395,"[ -33.72343961   18.82013873   47.37085046 -146.27656039  161.17986127
  132.62914954]"
3.41,"[ -34.03170215   18.4787988    47.21874114 -145.96829785  161.5212012
  132.78125886]"
3.425,"[ -34.33774084   18.1360943    47.06575405 -145.66225916  161.8639057
  132.93424595]"
3.44,"[ -34.64156238   17.79204171   46.91188375 -145.35843762  162.20795829
  133.08811625]"
3.455,"[ -34.94317387   17.446658     46.75712482 -145.05682613  162.553342
  133.24287518]"
3.4699999999999998,"[ -35.24258281   17.09996069   46.60147182 -144.75741719  162.90003931
  133.39852818]"
3.485,"[ -35.53979707   16.7519678    46.44491928 -144.46020293  163.2480322
  133.55508072]"
3.5,"[ -35.83482487   16.40269786   46.28746176 -144.16517513  163.59730214
  133.71253824]"
3.5149999999999997,"[ -36.12767477   16.05216995   46.12909378 -143.87232523  163.94783005
  133.87090622]"
3.5300000000000002,"[ -36.41835567   15.70040362   45.96980986 -143.58164433  164.29959638
  134.03019014]"
3.545,"[ -36.70687678   15.34741896   45.80960451 -143.29312322  164.65258104
  134.19039549]"
3.56,"[ -36.99324761   14.99323656   45.64847225 -143.00675239  165.00676344
  134.35152775]"
3.575,"[ -37.27747796   14.63787752   45.48640757 -142.72252204  165.36212248
  134.51359243]"
3.59,"[ -37.55957791   14.28136344   45.32340498 -142.44042209  165.71863656
  134.67659502]"
3.605,"[ -37.83955779   13.92371642   45.15945897 -142.16044221  166.07628358
  134.84054103]"
3.62,"[ -38.1174282    13.56495906   44.99456403 -141.8825718   166.43504094
  135.00543597]"
3.635,"[ -38.39319996   13.20511443   44.82871467 -141.60680004  166.79488557
  135.17128533]"
3.65,"[ -38.66688412   12.8442061    44.66190536 -141.33311588  167.1557939
  135.33809464]"
3.665,"[ -38.93849196   12.48225811   44.49413061 -141.06150804  167.51774189
  135.50586939]"
3.6799999999999997,"[ -39.20803494   12.11929498   44.32538491 -140.79196506  167.88070502
  135.67461509]"
3.695,"[ -39.47552472   11.75534167   44.15566276 -140.52447528  168.24465833
  135.84433724]"
3.71,"[ -39.74097315   11.39042363   43.98495867 -140.25902685  168.60957637
  136.01504133]"
3.7249999999999996,"[ -40.00439224   11.02456672   43.81326715 -139.99560776  168.97543328
  136.18673285]"
3.74,"[ -40.26579417   10.65779728   43.64058271 -139.73420583  169.34220272
  136.35941729]"
3.755,"[ -40.52519125   10.29014205   43.46689988 -139.47480875  169.70985795
  136.53310012]"
3.77,"[ -40.78259596    9.92162821   43.29221319 -139.21740404  170.07837179
  136.70778681]"
3.785,"[ -41.03802089    9.55228333   43.1165172  -138.96197911  170.44771667
  136.8834828 ]"
3.8,"[ -41.29147875    9.18213539   42.93980647 -138.70852125  170.81786461
  137.06019353]"
3.815,"[ -41.54298237    8.81121278   42.76207556 -138.45701763  171.18878722
  137.23792444]"
3.83,"[ -41.7925447     8.43954425   42.58331908 -138.2074553   171.56045575
  137.41668092]"
3.8449999999999998,"[ -42.04017876    8.0671589    42.40353162 -137.95982124  171.9328411
  137.59646838]"
3.86,"[ -42.28589766    7.69408622   42.22270781 -137.71410234  172.30591378
  137.77729219]"
3.875,"[ -42.52971461    7.32035602   42.04084231 -137.47028539  172.67964398
  137.95915769]"
3.8899999999999997,"[ -42.77164287    6.94599844   41.85792977 -137.22835713  173.05400156
  138.14207023]"
3.9050000000000002,"[ -43.01169578    6.57104395   41.67396489 -136.98830422  173.42895605
  138.32603511]"
3.92,"[ -43.24988672    6.1955233    41.4889424  -136.75011328  173.8044767
  138.5110576 ]"
3.9349999999999996,"[ -43.48622915    5.81946755   41.30285702 -136.51377085  174.18053245
  138.69714298]"
3.95,"[ -43.72073654    5.44290801   41.11570355 -136.27926346  174.55709199
  138.88429645]"
3.965,"[ -43.95342242    5.06587627   40.92747679 -136.04657758  174.93412373
  139.07252321]"
3.98,"[ -44.18430035    4.68840415   40.73817156 -135.81569965  175.31159585
  139.26182844]"
3.995,"[ -44.4133839     4.31052369   40.54778276 -135.5866161   175.68947631
  139.45221724]"
4.01,"[ -44.64068666    3.93226716   40.35630528 -135.35931334  176.06773284
  139.64369472]"
4.025,"[ -44.86622227    3.55366702   40.16373408 -135.13377773  176.44633298
  139.83626592]"
4.04,"[ -45.09000432    3.1747559    39.97006415 -134.90999568  176.8252441
  140.02993585]"
4.055,"[ -45.31204645    2.7955666    39.77529052 -134.68795355  177.2044334
  140.22470948]"
4.07,"[ -45.53236228    2.41613206   39.57940827 -134.46763772  177.58386794
  140.42059173]"
4.085,"[ -45.75096541    2.03648536   39.38241252 -134.24903459  177.96351464
  140.61758748]"
4.1,"[ -45.96786947    1.65665968   39.18429846 -134.03213053  178.34334032
  140.81570154]"
4.115,"[ -46.18308803    1.27668829   38.9850613  -133.81691197  178.72331171
  141.0149387 ]"
4.13,"[ -46.39663465    0.89660456   38.78469634 -133.60336535  179.10339544
  141.21530366]"
4.145,"[ -46.60852289    0.51644189   38.5831989  -133.39147711  179.48355811
  141.4168011 ]"
4.16,"[-4.68187663e+01  1.36233742e-01  3.83805644e+01 -1.33181234e+02
  1.79863766e+02  1.41619436e+02]"
4.175,"[ -47.02737824   -0.2439864    38.17678828 -132.97262176 -179.7560136
  141.82321172]"
4.1899999999999995,"[ -47.23437227   -0.62418506   37.97186608 -132.76562773 -179.37581494
  142.02813392]"
4.205,"[ -47.43976178   -1.00432875   37.76579338 -132.56023822 -178.99567125
  142.23420662]"
4.22,"[ -47.64356011   -1.38438404   37.55856584 -132.35643989 -178.61561596
  142.44143416]"
4.234999999999999,"[ -47.84578061   -1.76431752   37.3501792  -132.15421939 -178.23568248
  142.6498208 ]"
4.25,"[ -48.04643653   -2.14409585   37.14062927 -131.95356347 -177.85590415
  142.85937073]"
4.265000000000001,"[ -48.24554111   -2.52368579   36.92991192 -131.75445889 -177.47631421
  143.07008808]"
4.279999999999999,"[ -48.44310751   -2.90305419   36.71802313 -131.55689249 -177.09694581
  143.28197687]"
4.295,"[ -48.63914884   -3.28216799   36.50495894 -131.36085116 -176.71783201
  143.49504106]"
4.3100000000000005,"[ -48.83367815   -3.6609943    36.29071548 -131.16632185 -176.3390057
  143.70928452]"
4.324999999999999,"[ -49.02670844   -4.03950037   36.07528899 -130.97329156 -175.96049963
  143.92471101]"
4.34,"[ -49.21825264   -4.41765361   35.85867577 -130.78174736 -175.58234639
  144.14132423]"
4.355,"[ -49.40832361   -4.79542161   35.64087223 -130.59167639 -175.20457839
  144.35912777]"
4.37,"[ -49.59693415   -5.17277218   35.42187489 -130.40306585 -174.82722782
  144.57812511]"
4.385,"[ -49.78409698   -5.54967332   35.20168036 -130.21590302 -174.45032668
  144.79831964]"
4.4,"[ -49.96982475   -5.92609328   34.98028534 -130.03017525 -174.07390672
  145.01971466]"
4.415,"[ -50.15413006   -6.30200056   34.75768666 -129.84586994 -173.69799944
  145.24231334]"
4.43,"[ -50.33702541   -6.6773639    34.53388125 -129.66297459 -173.3226361
  145.46611875]"
4.445,"[ -50.51852324   -7.05215234   34.30886616 -129.48147676 -172.94784766
  145.69113384]"
4.46,"[ -50.69863589   -7.42633519   34.08263854 -129.30136411 -172.57366481
  145.91736146]"
4.475,"[ -50.87737565   -7.7998821    33.85519569 -129.12262435 -172.2001179
  146.14480431]"
4.49,"[ -51.05475472   -8.17276301   33.62653502 -128.94524528 -171.82723699
  146.37346498]"
4.505,"[ -51.23078521   -8.54494819   33.39665404 -128.76921479 -171.45505181
  146.60334596]"
4.52,"[ -51.40547915   -8.91640827   33.16555044 -128.59452085 -171.08359173
  146.83444956]"
4.535,"[ -51.57884851   -9.28711425   32.93322201 -128.42115149 -170.71288575
  147.06677799]"
4.55,"[ -51.75090515   -9.65703746   32.6996667  -128.24909485 -170.34296254
  147.3003333 ]"
4.5649999999999995,"[ -51.92166086  -10.02614965   32.46488257 -128.07833914 -169.97385035
  147.53511743]"
4.58,"[ -52.09112733  -10.39442295   32.22886785 -127.90887267 -169.60557705
  147.77113215]"
4.595,"[ -52.25931618  -10.76182989   31.99162091 -127.74068382 -169.23817011
  148.00837909]"
4.609999999999999,"[ -52.42623894  -11.12834342   31.75314029 -127.57376106 -168.87165658
  148.24685971]"
4.625,"[ -52.59190705  -11.49393691   31.51342466 -127.40809295 -168.50606309
  148.48657534]"
4.64,"[ -52.75633186  -11.85858415   31.27247285 -127.24366814 -168.14141585
  148.72752715]"
4.654999999999999,"[ -52.91952464  -12.22225941   31.03028387 -127.08047536 -167.77774059
  148.96971613]"
4.67,"[ -53.08149657  -12.58493737   30.78685689 -126.91850343 -167.41506263
  149.21314311]"
4.6850000000000005,"[ -53.24225873  -12.94659319   30.54219124 -126.75774127 -167.05340681
  149.45780876]"
4.699999999999999,"[ -53.40182212  -13.30720249   30.29628645 -126.59817788 -166.69279751
  149.70371355]"
4.715,"[ -53.56019767  -13.66674137   30.04914219 -126.43980233 -166.33325863
  149.95085781]"
4.73,"[ -53.71739617  -14.02518639   29.80075835 -126.28260383 -165.97481361
  150.19924165]"
4.745,"[ -53.87342838  -14.3825146    29.55113497 -126.12657162 -165.6174854
  150.44886503]"
4.76,"[ -54.02830493  -14.73870357   29.30027231 -125.97169507 -165.26129643
  150.69972769]"
4.775,"[ -54.18203638  -15.09373132   29.04817079 -125.81796362 -164.90626868
  150.95182921]"
4.79,"[ -54.33463318  -15.4475764    28.79483107 -125.66536682 -164.5524236
  151.20516893]"
4.805,"[ -54.48610573  -15.80021786   28.54025396 -125.51389427 -164.19978214
  151.45974604]"
4.82,"[ -54.63646429  -16.15163525   28.28444051 -125.36353571 -163.84836475
  151.71555949]"
4.835,"[ -54.78571906  -16.50180862   28.02739196 -125.21428094 -163.49819138
  151.97260804]"
4.85,"[ -54.93388016  -16.85071856   27.76910977 -125.06611984 -163.14928144
  152.23089023]"
4.865,"[ -55.08095759  -17.19834614   27.50959561 -124.91904241 -162.80165386
  152.49040439]"
4.88,"[ -55.22696129  -17.54467299   27.24885136 -124.77303871 -162.45532701
  152.75114864]"
4.895,"[ -55.3719011   -17.88968122   26.98687915 -124.6280989  -162.11031878
  153.01312085]"
4.91,"[ -55.51578677  -18.23335347   26.72368129 -124.48421323 -161.76664653
  153.27631871]"
4.925,"[ -55.65862796  -18.5756729    26.45926037 -124.34137204 -161.4243271
  153.54073963]"
4.9399999999999995,"[ -55.80043424  -18.91662319   26.19361916 -124.19956576 -161.08337681
  153.80638084]"
4.955,"[ -55.94121511  -19.25618854   25.92676072 -124.05878489 -160.74381146
  154.07323928]"
4.97,"[ -56.08097997  -19.59435366   25.6586883  -123.91902003 -160.40564634
  154.3413117 ]"
4.984999999999999,"[ -56.21973813  -19.93110378   25.38940542 -123.78026187 -160.06889622
  154.61059458]"
5.0,"[ -56.35749881  -20.26642465   25.11891584 -123.64250119 -159.73357535
  154.88108416]"
5.015,"[ -56.49427116  -20.60030252   24.84722358 -123.50572884 -159.39969748
  155.15277642]"
5.029999999999999,"[ -56.63006423  -20.93272416   24.57433289 -123.36993577 -159.06727584
  155.42566711]"
5.045,"[ -56.764887    -21.26367685   24.30024828 -123.235113   -158.73632315
  155.69975172]"
5.0600000000000005,"[ -56.89874835  -21.59314836   24.02497453 -123.10125165 -158.40685164
  155.97502547]"
5.074999999999999,"[ -57.03165707  -21.92112696   23.74851668 -122.96834293 -158.07887304
  156.25148332]"
5.09,"[ -57.1636219   -22.24760145   23.47088002 -122.8363781  -157.75239855
  156.52911998]"
5.105,"[ -57.29465146  -22.57256108   23.19207012 -122.70534854 -157.42743892
  156.80792988]"
5.12,"[ -57.42475431  -22.89599562   22.91209281 -122.57524569 -157.10400438
  157.08790719]"
5.135,"[ -57.55393891  -23.21789531   22.63095421 -122.44606109 -156.78210469
  157.36904579]"
5.15,"[ -57.68221365  -23.53825087   22.34866069 -122.31778635 -156.46174913
  157.65133931]"
5.165,"[ -57.80958684  -23.8570535    22.06521891 -122.19041316 -156.1429465
  157.93478109]"
5.18,"[ -57.93606671  -24.17429488   21.78063581 -122.06393329 -155.82570512
  158.21936419]"
5.195,"[ -58.06166139  -24.48996712   21.49491861 -121.93833861 -155.51003288
  158.50508139]"
5.21,"[ -58.18637896  -24.80406284   21.20807481 -121.81362104 -155.19593716
  158.79192519]"
5.225,"[ -58.31022739  -25.11657505   20.92011219 -121.68977261 -154.88342495
  159.07988781]"
5.24,"[ -58.43321461  -25.42749727   20.63103883 -121.56678539 -154.57250273
  159.36896117]"
5.255,"[ -58.55534844  -25.73682342   20.3408631  -121.44465156 -154.26317658
  159.6591369 ]"
5.27,"[ -58.67663662  -26.04454787   20.04959364 -121.32336338 -153.95545213
  159.95040636]"
5.285,"[ -58.79708685  -26.3506654    19.75723939 -121.20291315 -153.6493346
  160.24276061]"
5.3,"[ -58.91670672  -26.65517124   19.46380961 -121.08329328 -153.34482876
  160.53619039]"
5.3149999999999995,"[ -59.03550375  -26.95806101   19.1693138  -120.96449625 -153.04193899
  160.8306862 ]"
5.33,"[ -59.1534854   -27.25933075   18.87376181 -120.8465146  -152.74066925
  161.12623819]"
5.345,"[ -59.27065904  -27.5589769    18.57716375 -120.72934096 -152.4410231
  161.42283625]"
5.359999999999999,"[ -59.38703197  -27.85699629   18.27953004 -120.61296803 -152.14300371
  161.72046996]"
5.375,"[ -59.50261142  -28.15338613   17.98087139 -120.49738858 -151.84661387
  162.01912861]"
5.39,"[ -59.61740456  -28.44814402   17.6811988  -120.38259544 -151.55185598
  162.3188012 ]"
5.404999999999999,"[ -59.73141845  -28.74126793   17.3805236  -120.26858155 -151.25873207
  162.6194764 ]"
5.42,"[ -59.84466012  -29.0327562    17.07885737 -120.15533988 -150.9672438
  162.92114263]"
5.4350000000000005,"[ -59.95713652  -29.32260751   16.77621202 -120.04286348 -150.67739249
  163.22378798]"
5.449999999999999,"[ -60.0688545   -29.6108209    16.47259975 -119.9311455  -150.3891791
  163.52740025]"
5.465,"[ -60.17982089  -29.89739576   16.16803304 -119.82017911 -150.10260424
  163.83196696]"
5.48,"[ -60.2900424   -30.1823318    15.86252468 -119.7099576  -149.8176682
  164.13747532]"
5.494999999999999,"[ -60.39952572  -30.46562907   15.55608774 -119.60047428 -149.53437093
  164.44391226]"
5.51,"[ -60.50827744  -30.74728792   15.24873561 -119.49172256 -149.25271208
  164.75126439]"
5.525,"[ -60.61630409  -31.02730905   14.94048193 -119.38369591 -148.97269095
  165.05951807]"
5.54,"[ -60.72361214  -31.30569343   14.63134066 -119.27638786 -148.69430657
  165.36865934]"
5.555,"[ -60.83020799  -31.58244234   14.32132604 -119.16979201 -148.41755766
  165.67867396]"
5.57,"[ -60.93609797  -31.85755735   14.01045258 -119.06390203 -148.14244265
  165.98954742]"
5.585,"[ -61.04128837  -32.13104031   13.6987351  -118.95871163 -147.86895969
  166.3012649 ]"
5.6,"[ -61.14578538  -32.40289336   13.38618868 -118.85421462 -147.59710664
  166.61381132]"
5.615,"[ -61.24959516  -32.67311888   13.07282868 -118.75040484 -147.32688112
  166.92717132]"
5.63,"[ -61.35272378  -32.94171955   12.75867073 -118.64727622 -147.05828045
  167.24132927]"
5.645,"[ -61.45517726  -33.20869826   12.44373076 -118.54482274 -146.79130174
  167.55626924]"
5.66,"[ -61.55696157  -33.47405818   12.12802493 -118.44303843 -146.52594182
  167.87197507]"
5.675,"[ -61.6580826   -33.73780271   11.81156969 -118.3419174  -146.26219729
  168.18843031]"
5.6899999999999995,"[ -61.75854619  -33.99993547   11.49438174 -118.24145381 -146.00006453
  168.50561826]"
5.705,"[ -61.85835812  -34.26046032   11.17647805 -118.14164188 -145.73953968
  168.82352195]"
5.72,"[ -61.95752412  -34.51938134   10.85787582 -118.04247588 -145.48061866
  169.14212418]"
5.734999999999999,"[ -62.05604983  -34.77670281   10.53859252 -117.94395017 -145.22329719
  169.46140748]"
5.75,"[ -62.15394087  -35.03242923   10.21864585 -117.84605913 -144.96757077
  169.78135415]"
5.765,"[ -62.25120278  -35.28656529    9.89805376 -117.74879722 -144.71343471
  170.10194624]"
5.779999999999999,"[ -62.34784106  -35.53911587    9.57683443 -117.65215894 -144.46088413
  170.42316557]"
5.795,"[ -62.44386113  -35.79008604    9.25500627 -117.55613887 -144.20991396
  170.74499373]"
5.8100000000000005,"[ -62.53926838  -36.03948104    8.9325879  -117.46073162 -143.96051896
  171.0674121 ]"
5.824999999999999,"[ -62.63406813  -36.2873063     8.60959818 -117.36593187 -143.7126937
  171.39040182]"
5.84,"[ -62.72826565  -36.53356741    8.28605617 -117.27173435 -143.46643259
  171.71394383]"
5.855,"[ -62.82186616  -36.77827011    7.96198114 -117.17813384 -143.22172989
  172.03801886]"
5.869999999999999,"[ -62.91487482  -37.02142032    7.63739255 -117.08512518 -142.97857968
  172.36260745]"
5.885,"[ -63.00729673  -37.26302407    7.31231006 -116.99270327 -142.73697593
  172.68768994]"
5.9,"[ -63.09913697  -37.50308758    6.98675352 -116.90086303 -142.49691242
  173.01324648]"
5.915,"[ -63.19040053  -37.74161716    6.66074297 -116.80959947 -142.25838284
  173.33925703]"
5.93,"[ -63.28109236  -37.97861929    6.3342986  -116.71890764 -142.02138071
  173.6657014 ]"
5.945,"[ -63.37121739  -38.21410057    6.00744078 -116.62878261 -141.78589943
  173.99255922]"
5.96,"[ -63.46078045  -38.44806769    5.68019004 -116.53921955 -141.55193231
  174.31980996]"
5.975,"[ -63.54978637  -38.6805275     5.35256706 -116.45021363 -141.3194725
  174.64743294]"
5.99,"[ -63.63823988  -38.91148693    5.02459267 -116.36176012 -141.08851307
  174.97540733]"
6.005,"[ -63.72614571  -39.14095303    4.69628782 -116.27385429 -140.85904697
  175.30371218]"
6.02,"[ -63.81350851  -39.36893295    4.3676736  -116.18649149 -140.63106705
  175.6323264 ]"
6.035,"[ -63.90033291  -39.59543392    4.03877123 -116.09966709 -140.40456608
  175.96122877]"
6.05,"[ -63.98662345  -39.82046329    3.70960202 -116.01337655 -140.17953671
  176.29039798]"
6.0649999999999995,"[ -64.07238467  -40.04402847    3.38018742 -115.92761533 -139.95597153
  176.61981258]"
6.08,"[ -64.15762104  -40.26613696    3.05054894 -115.84237896 -139.73386304
  176.94945106]"
6.095,"[ -64.242337    -40.48679635    2.7207082  -115.757663   -139.51320365
  177.2792918 ]"
6.109999999999999,"[ -64.32653691  -40.70601428    2.3906869  -115.67346309 -139.29398572
  177.6093131 ]"
6.125,"[ -64.41022513  -40.92379849    2.06050679 -115.58977487 -139.07620151
  177.93949321]"
6.14,"[ -64.49340595  -41.14015676    1.73018972 -115.50659405 -138.85984324
  178.26981028]"
6.155,"[ -64.57608363  -41.35509693    1.39975756 -115.42391637 -138.64490307
  178.60024244]"
6.17,"[ -64.65826237  -41.56862692    1.06923225 -115.34173763 -138.43137308
  178.93076775]"
6.185,"[ -64.73994634  -41.78075468    0.73863575 -115.26005366 -138.21924532
  179.26136425]"
6.2,"[ -64.82113967  -41.99148823    0.40799005 -115.17886033 -138.00851177
  179.59200995]"
6.215,"[-6.49018464e+01 -4.22008356e+01  7.73171840e-02 -1.15098154e+02
 -1.37799164e+02  1.79922683e+02]"
6.2299999999999995,"[ -64.9820707   -42.40880492   -0.25336084 -115.0179293  -137.59119508
 -179.74663916]"
6.245,"[ -65.06181644  -42.61540431   -0.58402198 -114.93818356 -137.38459569
 -179.41597802]"
6.26,"[ -65.14108764  -42.82064194   -0.91464422 -114.85891236 -137.17935806
 -179.08535578]"
6.2749999999999995,"[ -65.21988821  -43.02452601   -1.24520556 -114.78011179 -136.97547399
 -178.75479444]"
6.29,"[ -65.29822203  -43.22706477   -1.57568401 -114.70177797 -136.77293523
 -178.42431599]"
6.305,"[ -65.37609295  -43.42826647   -1.90605763 -114.62390705 -136.57173353
 -178.09394237]"
6.32,"[ -65.45350478  -43.62813938   -2.23630451 -114.54649522 -136.37186062
 -177.76369549]"
6.335,"[ -65.53046129  -43.82669183   -2.56640278 -114.46953871 -136.17330817
 -177.43359722]"
6.35,"[ -65.6069662   -44.02393212   -2.89633067 -114.3930338  -135.97606788
 -177.10366933]"
6.365,"[ -65.6830232   -44.21986859   -3.22606642 -114.3169768  -135.78013141
 -176.77393358]"
6.38,"[ -65.75863596  -44.4145096    -3.5555884  -114.24136404 -135.5854904
 -176.4444116 ]"
6.395,"[ -65.83380809  -44.60786349   -3.88487503 -114.16619191 -135.39213651
 -176.11512497]"
6.41,"[ -65.90854318  -44.79993863   -4.21390484 -114.09145682 -135.20006137
 -175.78609516]"
6.425,"[ -65.98284478  -44.9907434    -4.54265646 -114.01715522 -135.0092566
 -175.45734354]"
6.4399999999999995,"[ -66.05671639  -45.18028615   -4.87110861 -113.94328361 -134.81971385
 -175.12889139]"
6.455,"[ -66.1301615   -45.36857528   -5.19924015 -113.8698385  -134.63142472
 -174.80075985]"
6.47,"[ -66.20318355  -45.55561913   -5.52703006 -113.79681645 -134.44438087
 -174.47296994]"
6.484999999999999,"[ -66.27578595  -45.74142609   -5.85445745 -113.72421405 -134.25857391
 -174.14554255]"
6.5,"[ -66.34797208  -45.9260045    -6.18150158 -113.65202792 -134.0739955
 -173.81849842]"
6.515,"[ -66.41974527  -46.10936273   -6.50814183 -113.58025473 -133.89063727
 -173.49185817]"
6.53,"[ -66.49110885  -46.2915091    -6.83435777 -113.50889115 -133.7084909
 -173.16564223]"
6.545,"[ -66.56206608  -46.47245195   -7.16012912 -113.43793392 -133.52754805
 -172.83987088]"
6.56,"[ -66.63262021  -46.6521996    -7.48543577 -113.36737979 -133.3478004
 -172.51456423]"
6.575,"[ -66.70277445  -46.83076035   -7.81025778 -113.29722555 -133.16923965
 -172.18974222]"
6.59,"[ -66.77253199  -47.00814247   -8.1345754  -113.22746801 -132.99185753
 -171.8654246 ]"
6.6049999999999995,"[ -66.84189598  -47.18435423   -8.45836908 -113.15810402 -132.81564577
 -171.54163092]"
6.62,"[ -66.91086953  -47.35940388   -8.78161945 -113.08913047 -132.64059612
 -171.21838055]"
6.635,"[ -66.97945573  -47.53329964   -9.10430736 -113.02054427 -132.46670036
 -170.89569264]"
6.6499999999999995,"[ -67.04765765  -47.70604971   -9.42641385 -112.95234235 -132.29395029
 -170.57358615]"
6.665,"[ -67.1154783   -47.87766226   -9.74792019 -112.8845217  -132.12233774
 -170.25207981]"
6.68,"[ -67.1829207   -48.04814545  -10.06880787 -112.8170793  -131.95185455
 -169.93119213]"
6.694999999999999,"[ -67.24998782  -48.21750739  -10.3890586  -112.75001218 -131.78249261
 -169.6109414 ]"
6.71,"[ -67.31668258  -48.38575619  -10.70865433 -112.68331742 -131.61424381
 -169.29134567]"
6.725,"[ -67.38300791  -48.5528999   -11.02757723 -112.61699209 -131.4471001
 -168.97242277]"
6.74,"[ -67.4489667   -48.71894656  -11.34580974 -112.5510333  -131.28105344
 -168.65419026]"
6.755,"[ -67.51456179  -48.88390417  -11.66333451 -112.48543821 -131.11609583
 -168.33666549]"
6.77,"[ -67.57979602  -49.04778072  -11.98013448 -112.42020398 -130.95221928
 -168.01986552]"
6.785,"[ -67.64467218  -49.21058412  -12.29619282 -112.35532782 -130.78941588
 -167.70380718]"
6.8,"[ -67.70919307  -49.37232229  -12.61149295 -112.29080693 -130.62767771
 -167.38850705]"
6.8149999999999995,"[ -67.77336141  -49.5330031   -12.92601859 -112.22663859 -130.4669969
 -167.07398141]"
6.83,"[ -67.83717994  -49.69263438  -13.23975369 -112.16282006 -130.30736562
 -166.76024631]"
6.845,"[ -67.90065135  -49.85122391  -13.5526825  -112.09934865 -130.14877609
 -166.4473175 ]"
6.859999999999999,"[ -67.96377831  -50.00877947  -13.86478951 -112.03622169 -129.99122053
 -166.13521049]"
6.875,"[ -68.02656346  -50.16530877  -14.17605951 -111.97343654 -129.83469123
 -165.82394049]"
6.89,"[ -68.08900942  -50.32081949  -14.48647757 -111.91099058 -129.67918051
 -165.51352243]"
6.905,"[ -68.1511188   -50.47531927  -14.79602903 -111.8488812  -129.52468073
 -165.20397097]"
6.92,"[ -68.21289415  -50.62881572  -15.10469952 -111.78710585 -129.37118428
 -164.89530048]"
6.935,"[ -68.27433802  -50.78131638  -15.41247496 -111.72566198 -129.21868362
 -164.58752504]"
6.95,"[ -68.33545293  -50.93282879  -15.71934155 -111.66454707 -129.06717121
 -164.28065845]"
6.965,"[ -68.39624138  -51.08336042  -16.02528578 -111.60375862 -128.91663958
 -163.97471422]"
6.9799999999999995,"[ -68.45670584  -51.2329187   -16.33029444 -111.54329416 -128.7670813
 -163.66970556]"
6.995,"[ -68.51684877  -51.38151102  -16.63435461 -111.48315123 -128.61848898
 -163.36564539]"
7.01,"[ -68.57667258  -51.52914474  -16.93745365 -111.42332742 -128.47085526
 -163.06254635]"
7.0249999999999995,"[ -68.63617969  -51.67582716  -17.23957924 -111.36382031 -128.32417284
 -162.76042076]"
7.04,"[ -68.69537247  -51.82156553  -17.54071934 -111.30462753 -128.17843447
 -162.45928066]"
7.055,"[ -68.75425328  -51.96636708  -17.8408622  -111.24574672 -128.03363292
 -162.1591378 ]"
7.069999999999999,"[ -68.81282445  -52.11023898  -18.13999638 -111.18717555 -127.88976102
 -161.86000362]"
7.085,"[ -68.87108831  -52.25318836  -18.43811073 -111.12891169 -127.74681164
 -161.56188927]"
7.1,"[ -68.92904715  -52.39522229  -18.73519441 -111.07095285 -127.60477771
 -161.26480559]"
7.115,"[ -68.98670323  -52.53634782  -19.03123684 -111.01329677 -127.46365218
 -160.96876316]"
7.13,"[ -69.0440588   -52.67657193  -19.32622779 -110.9559412  -127.32342807
 -160.67377221]"
7.145,"[ -69.10111611  -52.81590157  -19.62015728 -110.89888389 -127.18409843
 -160.37984272]"
7.16,"[ -69.15787735  -52.95434364  -19.91301564 -110.84212265 -127.04565636
 -160.08698436]"
7.175,"[ -69.2143447   -53.09190499  -20.2047935  -110.7856553  -126.90809501
 -159.7952065 ]"
7.1899999999999995,"[ -69.27052035  -53.22859243  -20.49548179 -110.72947965 -126.77140757
 -159.50451821]"
7.205,"[ -69.32640644  -53.36441272  -20.78507171 -110.67359356 -126.63558728
 -159.21492829]"
7.22,"[ -69.38200509  -53.49937257  -21.07355476 -110.61799491 -126.50062743
 -158.92644524]"
7.234999999999999,"[ -69.43731841  -53.63347865  -21.36092274 -110.56268159 -126.36652135
 -158.63907726]"
7.25,"[ -69.4923485   -53.76673759  -21.64716772 -110.5076515  -126.23326241
 -158.35283228]"
7.265,"[ -69.54709741  -53.89915595  -21.93228207 -110.45290259 -126.10084405
 -158.06771793]"
7.279999999999999,"[ -69.60156721  -54.03074026  -22.21625844 -110.39843279 -125.96925974
 -157.78374156]"
7.295,"[ -69.65575992  -54.161497    -22.49908976 -110.34424008 -125.838503
 -157.50091024]"
7.31,"[ -69.70967755  -54.2914326   -22.78076924 -110.29032245 -125.7085674
 -157.21923076]"
7.325,"[ -69.7633221   -54.42055346  -23.06129038 -110.2366779  -125.57944654
 -156.93870962]"
7.34,"[ -69.81669554  -54.54886591  -23.34064693 -110.18330446 -125.45113409
 -156.65935307]"
7.3549999999999995,"[ -69.86979984  -54.67637625  -23.61883293 -110.13020016 -125.32362375
 -156.38116707]"
7.37,"[ -69.92263693  -54.80309072  -23.8958427  -110.07736307 -125.19690928
 -156.1041573 ]"
7.385,"[ -69.97520874  -54.92901552  -24.17167081 -110.02479126 -125.07098448
 -155.82832919]"
7.3999999999999995,"[ -70.02751717  -55.0541568   -24.4463121  -109.97248283 -124.9458432
 -155.5536879 ]"
7.415,"[ -70.07956411  -55.17852068  -24.71976168 -109.92043589 -124.82147932
 -155.28023832]"
7.43,"[ -70.13135142  -55.30211321  -24.99201491 -109.86864858 -124.69788679
 -155.00798509]"
7.444999999999999,"[ -70.18288097  -55.42494041  -25.26306741 -109.81711903 -124.57505959
 -154.73693259]"
7.46,"[ -70.23415459  -55.54700824  -25.53291505 -109.76584541 -124.45299176
 -154.46708495]"
7.475,"[ -70.2851741   -55.66832263  -25.80155396 -109.7148259  -124.33167737
 -154.19844604]"
7.49,"[ -70.3359413   -55.78888946  -26.06898052 -109.6640587  -124.21111054
 -153.93101948]"
7.505,"[ -70.38645799  -55.90871455  -26.33519133 -109.61354201 -124.09128545
 -153.66480867]"
7.52,"[ -70.43672593  -56.0278037   -26.60018325 -109.56327407 -123.9721963
 -153.39981675]"
7.535,"[ -70.48674688  -56.14616263  -26.86395338 -109.51325312 -123.85383737
 -153.13604662]"
7.55,"[ -70.53652258  -56.26379705  -27.12649904 -109.46347742 -123.73620295
 -152.87350096]"
7.5649999999999995,"[ -70.58605476  -56.38071261  -27.38781779 -109.41394524 -123.61928739
 -152.61218221]"
7.58,"[ -70.63534511  -56.49691491  -27.64790742 -109.36465489 -123.50308509
 -152.35209258]"
7.595,"[ -70.68439535  -56.6124095   -27.90676593 -109.31560465 -123.3875905
 -152.09323407]"
7.609999999999999,"[ -70.73320715  -56.72720191  -28.16439156 -109.26679285 -123.27279809
 -151.83560844]"
7.625,"[ -70.78178216  -56.84129761  -28.42078274 -109.21821784 -123.15870239
 -151.57921726]"
7.64,"[ -70.83012205  -56.95470202  -28.67593814 -109.16987795 -123.04529798
 -151.32406186]"
7.654999999999999,"[ -70.87822844  -57.06742052  -28.92985661 -109.12177156 -122.93257948
 -151.07014339]"
7.67,"[ -70.92610296  -57.17945847  -29.18253724 -109.07389704 -122.82054153
 -150.81746276]"
7.685,"[ -70.97374721  -57.29082114  -29.43397929 -109.02625279 -122.70917886
 -150.56602071]"
7.7,"[ -71.02116278  -57.4015138   -29.68418223 -108.97883722 -122.5984862
 -150.31581777]"
7.715,"[ -71.06835126  -57.51154165  -29.93314573 -108.93164874 -122.48845835
 -150.06685427]"
7.7299999999999995,"[ -71.1153142   -57.62090986  -30.18086964 -108.8846858  -122.37909014
 -149.81913036]"
7.745,"[ -71.16205316  -57.72962356  -30.42735401 -108.83794684 -122.27037644
 -149.57264599]"
7.76,"[ -71.20856967  -57.83768783  -30.67259907 -108.79143033 -122.16231217
 -149.32740093]"
7.7749999999999995,"[ -71.25486526  -57.9451077   -30.91660521 -108.74513474 -122.0548923
 -149.08339479]"
7.79,"[ -71.30094143  -58.05188818  -31.15937302 -108.69905857 -121.94811182
 -148.84062698]"
7.805,"[ -71.34679969  -58.15803422  -31.40090324 -108.65320031 -121.84196578
 -148.59909676]"
7.819999999999999,"[ -71.39244151  -58.26355074  -31.64119681 -108.60755849 -121.73644926
 -148.35880319]"
7.835,"[ -71.43786838  -58.36844261  -31.8802548  -108.56213162 -121.63155739
 -148.1197452 ]"
7.85,"[ -71.48308174  -58.47271467  -32.11807847 -108.51691826 -121.52728533
 -147.88192153]"
7.865,"[ -71.52808304  -58.5763717   -32.35466921 -108.47191696 -121.4236283
 -147.64533079]"
7.88,"[ -71.57287372  -58.67941847  -32.59002858 -108.42712628 -121.32058153
 -147.40997142]"
7.895,"[ -71.61745519  -58.78185968  -32.82415829 -108.38254481 -121.21814032
 -147.17584171]"
7.91,"[ -71.66182887  -58.88370001  -33.0570602  -108.33817113 -121.11629999
 -146.9429398 ]"
7.925,"[ -71.70599616  -58.98494409  -33.2887363  -108.29400384 -121.01505591
 -146.7112637 ]"
7.9399999999999995,"[ -71.74995843  -59.08559651  -33.51918872 -108.25004157 -120.91440349
 -146.48081128]"
7.955,"[ -71.79371706  -59.18566184  -33.74841974 -108.20628294 -120.81433816
 -146.25158026]"
7.97,"[ -71.83727341  -59.28514458  -33.97643176 -108.16272659 -120.71485542
 -146.02356824]"
7.984999999999999,"[ -71.88062883  -59.38404922  -34.20322732 -108.11937117 -120.61595078
 -145.79677268]"
8.0,"[ -71.92378465  -59.48238019  -34.42880908 -108.07621535 -120.51761981
 -145.57119092]"
