,time,altitude,w,speed,thrust,power
0,0.0,100.0,4.0442069685069553e-23,4.0442069685069553e-23,12833.57647631008,193029.4902300038
1,0.037929193768625656,99.99856137624609,0.07585838827421237,0.07585838827421237,12834.581845597595,193052.15981979496
2,0.07585838753725131,99.99424550498435,0.15171677654825774,0.15171677654825774,12833.576476324544,193029.4364189774
3,0.11378758130587696,99.98705238621478,0.22757516482213205,0.22757516482213205,12834.58184561241,193052.0521848122
4,0.15171677507450262,99.97698201993742,0.30343355309583514,0.30343355309583514,12833.576476339402,193029.27498539368
5,0.1896459688431283,99.96403440615224,0.37929194136936073,0.37929194136936073,12834.581845627794,193051.83691480258
6,0.22757516261175392,99.94820954485927,0.4551503296427105,0.4551503296427105,12833.576476354625,193029.0059296694
7,0.2655043563803796,99.9295074360585,0.531008717915876,0.531008717915876,12834.581845643763,193051.5140103237
8,0.30343355014900525,99.90792807974995,0.6068671061888611,0.6068671061888611,12833.576476370261,193028.62925250057
9,0.3413627439176309,99.88347147593362,0.6827254944616548,0.6827254944616548,12834.581845660354,193051.08347221027
10,0.3792919376862566,99.85613762460952,0.7585838827342634,0.7585838827342634,12833.576476386319,193028.14495486172
11,0.4172211314548822,99.82592652577766,0.8344422710066729,0.8344422710066729,12834.581845677578,193050.54530157626
12,0.45515032522350785,99.79283817943804,0.9103006592788918,0.9103006592788918,12833.57647640281,193027.55303800435
13,0.49307951899213354,99.75687258559067,0.9861590475509041,0.9861590475509041,12834.581845695488,193049.89949981315
14,0.5310087127607592,99.71802974423555,1.0620174358227203,1.0620174358227203,12833.576476419801,193026.85350345957
15,0.5689379065293848,99.67630965537272,1.1378758240943219,1.1378758240943219,12834.581845714127,193049.1460685915
16,0.6068671002980105,99.63171231900215,1.2137342123657218,1.2137342123657218,12833.57647643725,193026.04635303558
17,0.6447962940666362,99.58423773512386,1.2895926006368976,1.2895926006368976,12834.58184573354,193048.2850098598
18,0.6827254878352618,99.53388590373787,1.3654509889078663,1.3654509889078663,12833.576476455253,193025.13158881955
19,0.7206546816038875,99.48065682484416,1.4413093771786016,1.4413093771786016,12834.581845753746,193047.3163258435
20,0.7585838753725132,99.42455049844278,1.5171677654491236,1.5171677654491236,12833.576476473738,193024.1092131757
21,0.7965130691411387,99.36556692453371,1.5930261537194026,1.5930261537194026,12834.581845774781,193046.24001904816
22,0.8344422629097644,99.30370610311697,1.6688845419894613,1.6688845419894613,12833.576476492792,193022.97922874775
23,0.8723714566783901,99.23896803419255,1.7447429302592667,1.7447429302592667,12834.581845796738,193045.05609225703
24,0.9103006504470157,99.17135271776047,1.8206013185288448,1.8206013185288448,12833.576476512466,193021.74163845743
25,0.9482298442156414,99.10086015382076,1.8964597067981588,1.8964597067981588,12834.58184581964,193043.7645485311
26,0.9861590379842671,99.0274903423734,1.9723180950672385,1.9723180950672385,12833.576476532762,193020.39644550355
27,1.0240882317528928,98.95124328341842,2.048176483336043,2.048176483336043,12834.581845843559,193042.36539120995
28,1.0620174255215185,98.87211897695582,2.124034871604605,2.124034871604605,12833.576476553755,193018.9436533648
29,1.099946619290144,98.7901174229856,2.1998932598728786,2.1998932598728786,12834.581845868533,193040.85862391142
30,1.1378758130587696,98.7052386215078,2.2757516481409015,2.2757516481409015,12833.576476575387,193017.3832657958
31,1.1758050068273953,98.6174825725224,2.351610036408624,2.351610036408624,12834.581845894661,193039.24425053195
32,1.213734200596021,98.52684927602942,2.4274684246760874,2.4274684246760874,12833.57647659779,193015.71528683146
33,1.2516633943646467,98.43333873202889,2.503326812943236,2.503326812943236,12834.581845922006,193037.52227524514
34,1.2895925881332724,98.3369509405208,2.5791852012101164,2.5791852012101164,12833.576476620972,193013.93972078364
35,1.327521781901898,98.23768590150516,2.655043589476666,2.655043589476666,12834.581845950637,193035.69270250434
36,1.3654509756705235,98.13554361498198,2.73090197774294,2.73090197774294,12833.576476644977,193012.05657224284
37,1.4033801694391492,98.0305240809513,2.8067603660088665,2.8067603660088665,12834.58184598063,193033.7555370392
38,1.441309363207775,97.9226272994131,2.8826187542745063,2.8826187542745063,12833.576476669861,193010.06584607722
39,1.4792385569764006,97.8118532703674,2.958477142539783,2.958477142539783,12834.581846012108,193031.71078386018
40,1.5171677507450263,97.69820199381421,3.0343355308047615,3.0343355308047615,12833.576476695685,193007.96754743403
41,1.555096944513652,97.58167346975357,3.110193919069358,3.110193919069358,12834.58184604516,193029.55844825436
42,1.5930261382822775,97.46226769818546,3.1860523073336466,3.1860523073336466,12833.576476722468,193005.76168173715
43,1.6309553320509032,97.3399846791099,3.2619106955975328,3.2619106955975328,12834.5818460799,193027.2985357866
44,1.6688845258195288,97.21482441252692,3.337769083861099,3.337769083861099,12833.576476750337,193003.44825469074
45,1.7068137195881545,97.08678689843651,3.413627472124243,3.413627472124243,12834.581846116429,193024.93105230143
46,1.7447429133567802,96.95587213683872,3.4894858603870516,3.4894858603870516,12833.576476779328,193001.0272722749
47,1.782672107125406,96.82208012773353,3.565344248649417,3.565344248649417,12834.581846154922,193022.4560039208
48,1.8206013008940314,96.68541087112096,3.641202636911433,3.641202636911433,12833.576476809525,192998.49874074923
49,1.858530494662657,96.54586436700104,3.717061025172982,3.717061025172982,12834.581846195486,193019.87339704522
50,1.8964596884312828,96.40344061537378,3.7929194134341664,3.7929194134341664,12833.576476841024,192995.86266665088
51,1.9343888821999085,96.2581396162392,3.8687778016948577,3.8687778016948577,12834.581846238301,193017.18323835355
52,1.9723180759685341,96.10996136959731,3.944636189955169,3.944636189955169,12833.57647687389,192993.11905679537
53,2.01024726973716,95.95890587544812,4.020494578214959,4.020494578214959,12834.581846283527,193014.38553480277
54,2.0481764635057855,95.80497313379168,4.0963529664743525,4.0963529664743525,12833.576476908243,192990.26791827616
55,2.086105657274411,95.64816314462796,4.172211354733193,4.172211354733193,12834.581846331388,193011.4802936288
56,2.124034851043037,95.48847590795701,4.2480697429916185,4.2480697429916185,12833.576476944194,192987.3092584652
57,2.1619640448116626,95.32591142377883,4.323928131249458,4.323928131249458,12834.58184638212,193008.4675223458
58,2.199893238580288,95.16046969209347,4.399786519506865,4.399786519506865,12833.576476981865,192984.24308501225
59,2.2378224323489135,94.99215071290092,4.475644907763651,4.475644907763651,12834.581846435927,193005.34722874584
60,2.2757516261175392,94.82095448620122,4.551503296019979,4.551503296019979,12833.576477021388,192981.06940584528
61,2.313680819886165,94.64688101199438,4.627361684275647,4.627361684275647,12834.581846493109,193002.1194208999
62,2.3516100136547906,94.46993029028042,4.703220072530837,4.703220072530837,12833.576477062934,192977.78822917084
63,2.3895392074234163,94.29010232105936,4.779078460785324,4.779078460785324,12834.581846553949,192998.78410715782
64,2.427468401192042,94.10739710433124,4.854936849039307,4.854936849039307,12833.576477106662,192974.39956347313
65,2.4653975949606677,93.92181464009607,4.930795237292539,4.930795237292539,12834.581846618807,192995.34129614738
66,2.5033267887292934,93.73335492835389,5.0066536255452405,5.0066536255452405,12833.576477152783,192970.9034175154
67,2.541255982497919,93.54201796910469,5.082512013797143,5.082512013797143,12834.581846688094,192991.79099677654
68,2.5791851762665448,93.34780376234853,5.158370402048483,5.158370402048483,12833.576477201512,192967.2998003385
69,2.6171143700351704,93.15071230808543,5.2342287902989675,5.2342287902989675,12834.581846762207,192988.13321823053
70,2.655043563803796,92.95074360631541,5.310087178548857,5.310087178548857,12833.576477253064,192963.5887212612
71,2.6929727575724214,92.74789765703851,5.3859455667978295,5.3859455667978295,12834.58184684166,192984.36796997488
72,2.730901951341047,92.54217446025473,5.461803955046171,5.461803955046171,12833.57647730775,192959.7701898826
73,2.7688311451096728,92.33357401596413,5.537662343293527,5.537662343293527,12834.581846927034,192980.49526175373
74,2.8067603388782985,92.12209632416675,5.613520731540211,5.613520731540211,12833.576477365896,192955.84421607875
75,2.844689532646924,91.90774138486259,5.689379119785837,5.689379119785837,12834.581847018944,192976.5151035912
76,2.88261872641555,91.6905091980517,5.765237508030746,5.765237508030746,12833.576477427825,192951.8108100044
77,2.9205479201841755,91.47039976373411,5.841095896274511,5.841095896274511,12834.581847118192,192972.42750579133
78,2.958477113952801,91.24741308190987,5.9169542845175105,5.9169542845175105,12833.576477493983,192947.66998209394
79,2.996406307721427,91.02154915257901,5.992812672759272,5.992812672759272,12834.581847225598,192968.23247893818
80,3.0343355014900526,90.79280797574157,6.068671061000216,6.068671061000216,12833.576477564848,192943.42174306023
81,3.0722646952586783,90.56118955139758,6.144529449239813,6.144529449239813,12834.581847342226,192963.93003389728
82,3.110193889027304,90.3266938795471,6.220387837478532,6.220387837478532,12833.576477640945,192939.06610389534
83,3.1481230827959297,90.08932096019015,6.296246225715786,6.296246225715786,12834.581847469175,192959.5201818141
84,3.186052276564555,89.8490707933268,6.372104613952093,6.372104613952093,12833.576477722978,192934.60307587203
85,3.2239814703331806,89.6059433789571,6.4479630021868,6.4479630021868,12834.581847607915,192955.00293411824
86,3.2619106641018063,89.35993871708108,6.5238213904204825,6.5238213904204825,12833.576477811654,192930.03267054152
87,3.299839857870432,89.1110568076988,6.599679778652411,6.599679778652411,12834.581847760011,192950.378302521
88,3.3377690516390577,88.85929765081032,6.675538166883227,6.675538166883227,12833.576477907936,192925.35489973784
89,3.3756982454076834,88.6046612464157,6.751396555112111,6.751396555112111,12834.581847927495,192945.64629901946
90,3.413627439176309,88.347147594515,6.827254943339782,6.827254943339782,12833.57647801286,192920.56977557373
91,3.4515566329449348,88.08675669510826,6.903113331565319,6.903113331565319,12834.581848112677,192940.8069358966
92,3.4894858267135604,87.82348854819557,6.978971719789527,6.978971719789527,12833.576478127776,192915.6773104464
93,3.527415020482186,87.557343153777,7.0548301080113625,7.0548301080113625,12834.581848318438,192935.86022572417
94,3.565344214250812,87.2883205118526,7.1306884962317385,7.1306884962317385,12833.576478254217,192910.67751703592
95,3.6032734080194375,87.01642062242247,7.206546884449461,7.206546884449461,12834.581848548269,192930.8061813657
96,3.6412026017880628,86.74164348548669,7.282405272665569,7.282405272665569,12833.576478394129,192905.57040830769
97,3.6791317955566885,86.46398910104534,7.358263660878697,7.358263660878697,12834.581848806554,192925.6448159823
98,3.717060989325314,86.18345746909851,7.434122049090027,7.434122049090027,12833.576478549954,192900.3559975155
99,3.75499018309394,85.90004858964632,7.509980437297984,7.509980437297984,12834.581849098726,192920.37614303528
100,3.7929193768625655,85.61376246268884,7.585838825503925,7.585838825503925,12833.576478724675,192895.03429820386
101,3.830848570631191,85.32459908822618,7.661697213706024,7.661697213706024,12834.581849431699,192915.0001762974
102,3.868777764399817,85.03255846625848,7.737555601905843,7.737555601905843,12833.576478922156,192889.60532421272
103,3.9067069581684426,84.73764059678587,7.813413990101244,7.813413990101244,12834.581849814456,192909.5169298649
104,3.9446361519370683,84.43984547980845,7.889272378294047,7.889272378294047,12833.57647914738,192884.06908968565
105,3.982565345705694,84.1391731153264,7.965130766481723,7.965130766481723,12834.581850258706,192903.9264181728
106,4.02049453947432,83.83562350333986,8.040989154666402,8.040989154666402,12833.57647940698,192878.42560907968
107,4.058423733242945,83.52919664384899,8.116847542845063,8.116847542845063,12834.581850780212,192898.22865602502
108,4.096352927011571,83.21989253685399,8.192705931020232,8.192705931020232,12833.5764797098,192872.67489717974
109,4.134282120780196,82.90771118235506,8.268564319188238,8.268564319188238,12834.581851400511,192892.42365863165
110,4.172211314548822,82.59265258035241,8.344422707352111,8.344422707352111,12833.576480068105,192866.81696912434
111,4.210140508317448,82.27471673084627,8.420281095507336,8.420281095507336,12834.581852149935,192886.5114416791
112,4.248069702086074,81.95390363383692,8.496139483657583,8.496139483657583,12833.576480499352,192860.8518404458
113,4.285998895854699,81.63021328932463,8.571997871797183,8.571997871797183,12834.581853072568,192880.4920214399
114,4.323928089623325,81.30364569730975,8.647856259930666,8.647856259930666,12833.576481029255,192854.77952713982
115,4.3618572833919504,80.97420085779262,8.723714648050736,8.723714648050736,12834.581854235035,192874.3654149725
116,4.399786477160576,80.64187877077366,8.799573036163096,8.799573036163096,12833.5764816973,192848.60004578935
117,4.437715670929202,80.30667943625335,8.875431424258052,8.875431424258052,12834.581855742863,192868.13164048825
118,4.475644864697827,79.96860285423219,8.951289812342967,8.951289812342967,12833.57648256759,192842.3134138089
119,4.513574058466453,79.62764902471083,9.027148200404442,9.027148200404442,12834.58185777377,192861.7907181022
120,4.5515032522350785,79.28381794768997,9.103006588452256,9.103006588452256,12833.576483751307,192835.9196499512
121,4.589432446003705,78.93710962317049,9.17886497646686,9.17886497646686,12834.581860651682,192855.34267150165
122,4.62736163977233,78.58752405115341,9.25472336446174,9.25472336446174,12833.576485460153,192829.41877550964
123,4.665290833540956,78.23506123164006,9.330581752406031,9.330581752406031,12834.581865035347,192848.7875321958
124,4.703220027309581,77.87972116463197,9.406440140319255,9.406440140319255,12833.576488152194,192822.81081760812
125,4.741149221078207,77.5215038501314,9.482298528146359,9.482298528146359,12834.581872497407,192842.12535256572
126,4.779078414846833,77.16040928814101,9.558156915917115,9.558156915917115,12833.57649303507,192816.09582053637
127,4.817007608615459,76.79643747866528,9.634015303509848,9.634015303509848,12834.581887922786,192835.35625991292
128,4.854936802384084,76.4295884217101,9.7098736909691,9.7098736909691,12833.576504601546,192809.27390289112
129,4.892865996152709,76.05986211728879,9.785732077858725,9.785732077858725,12834.581937281038,192828.4808569678
130,4.930795189921335,75.6872585654245,9.861590464097866,9.861590464097866,12833.576560966269,192802.34594119762
131,4.968724383689961,75.3118266283759,9.934872352317836,9.934872352317836,13057.836260800175,197874.43565418047
132,5.006653577458587,74.93382273482233,9.997209297477255,9.997209297477255,13781.9591487805,214556.33959748282
133,5.044582771227212,74.55377570039865,10.042606826325835,10.042606826325835,14525.641747593761,232150.65672111994
134,5.082511964995838,74.17233658523307,10.07061348056573,10.07061348056573,15288.883632032279,250681.66260609965
135,5.120441158764463,73.79017357268903,10.080777813185502,10.080777813185502,16071.68424933086,270173.62889370386
136,5.1583703525330895,73.40797196877881,10.072648396805036,10.072648396805036,16874.042451195746,290650.8111695767
137,5.196299546301715,73.02633313796414,10.051102882630207,10.051102882630207,17234.193133497745,299999.9918665128
138,5.234228740070341,72.64559038141859,10.025398551497373,10.025398551497373,17234.40518374333,299999.9991769455
139,5.272157933838966,72.26582266208294,9.999689334751983,9.999689334751983,17234.61647328592,300000.000773032
140,5.310087127607592,71.8870301649719,9.973975247824399,9.973975247824399,17234.827186486225,300000.0014714084
141,5.3480163213762175,71.50921307456021,9.948256303757478,9.948256303757478,17235.037345861245,300000.0018627936
142,5.385945515144843,71.13237157483418,9.92253251526222,9.92253251526222,17235.246957649877,300000.00211285905
143,5.423874708913469,70.75650584929993,9.896803894950269,9.896803894950269,17235.45602422191,300000.00228624296
144,5.461803902682094,70.3816160809859,9.871070455393689,9.871070455393689,17235.664546637425,300000.00241337914
145,5.49973309645072,70.00770245244412,9.845332209146362,9.845332209146362,17235.872525412135,300000.00251047866
146,5.5376622902193455,69.63476514575053,9.819589168753254,9.819589168753254,17236.079960802163,300000.00258696906
147,5.575591483987972,69.26280434250545,9.793841346755004,9.793841346755004,17236.2868529272,300000.0026487066
148,5.613520677756597,68.89182022383346,9.768088755690375,9.768088755690375,17236.493201829562,300000.00269952114
149,5.651449871525223,68.52181297038366,9.742331408097684,9.742331408097684,17236.69900750512,300000.0027420227
150,5.689379065293848,68.1527827623295,9.716569316515693,9.716569316515693,17236.90426992058,300000.0027780514
151,5.727308259062474,67.78472977936887,9.69080249348415,9.69080249348415,17237.108989023505,300000.0028089419
152,5.7652374528311,67.41765420072402,9.66503095154415,9.66503095154415,17237.313164748626,300000.00283568574
153,5.803166646599726,67.05155620514145,9.639254703238409,9.639254703238409,17237.516797021788,300000.002859035
154,5.841095840368351,66.6864359708919,9.613473761111424,9.613473761111424,17237.71988576253,300000.0028795704
155,5.879025034136976,66.32229367577034,9.5876881377096,9.5876881377096,17237.92243088585,300000.0028977477
156,5.916954227905602,65.95912949709574,9.561897845581345,9.561897845581345,17238.124432303517,300000.00291392935
157,5.954883421674228,65.59694361171113,9.536102897277125,9.536102897277125,17238.325889924807,300000.00292840734
158,5.992812615442854,65.23573619598343,9.510303305349527,9.510303305349527,17238.526803657256,300000.0029414196
159,6.030741809211479,64.87550742580348,9.484499082353286,9.484499082353286,17238.727173407013,300000.0029531618
160,6.068671002980105,64.51625747658579,9.458690240845316,9.458690240845316,17238.926999079285,300000.0029637965
161,6.1066001967487304,64.15798652326865,9.432876793384724,9.432876793384724,17239.12628057846,300000.00297345966
162,6.144529390517357,63.80069474031389,9.40705875253283,9.40705875253283,17239.325017808496,300000.00298226613
163,6.182458584285982,63.44438230170687,9.38123613085318,9.38123613085318,17239.523210672818,300000.00299031346
164,6.220387778054608,63.08904938095641,9.355408940911548,9.355408940911548,17239.720859074736,300000.00299768505
165,6.258316971823233,62.73469615109463,9.329577195275947,9.329577195275947,17239.91796291731,300000.00300445256
166,6.296246165591859,62.381322784676975,9.303740906516618,9.303740906516618,17240.1145221035,300000.0030106781
167,6.334175359360485,62.028929453782,9.277900087206053,9.277900087206053,17240.310536536264,300000.0030164157
168,6.37210455312911,61.6775163300114,9.25205474991898,9.25205474991898,17240.50600611854,300000.0030217123
169,6.410033746897736,61.32708358448987,9.226204907232361,9.226204907232361,17240.700930753348,300000.0030266093
170,6.447962940666361,60.977631387865,9.200350571725407,9.200350571725407,17240.89531034381,300000.0030311432
171,6.485892134434987,60.629159910307266,9.174491755979552,9.174491755979552,17241.089144793084,300000.0030353463
172,6.523821328203613,60.281669321509874,9.148628472578475,9.148628472578475,17241.282434004548,300000.00303924695
173,6.561750521972239,59.93515979068867,9.12276073410807,9.12276073410807,17241.475177881704,300000.00304287084
174,6.599679715740864,59.58963148658215,9.096888553156472,9.096888553156472,17241.667376328238,300000.00304624083
175,6.63760890950949,59.245084577451244,9.071011942314023,9.071011942314023,17241.85902924801,300000.0030493772
176,6.675538103278115,58.901519231079334,9.045130914173287,9.045130914173287,17242.050136545062,300000.00305229845
177,6.7134672970467415,58.55893561477214,9.01924548132904,9.01924548132904,17242.24069812366,300000.00305502105
178,6.751396490815367,58.217333895357605,8.993355656378274,8.993355656378274,17242.430713888276,300000.00305756007
179,6.789325684583993,57.87671423918586,8.967461451920165,8.967461451920165,17242.620183743664,300000.0030599291
180,6.827254878352618,57.537076812129094,8.941562880556102,8.941562880556102,17242.809107594716,300000.00306214055
181,6.865184072121243,57.198421779581516,8.915659954889657,8.915659954889657,17242.9974853466,300000.0030642055
182,6.9031132658898695,56.86074930645925,8.889752687526592,8.889752687526592,17243.18531690471,300000.0030661343
183,6.941042459658495,56.524059557200225,8.863841091074846,8.863841091074846,17243.372602174713,300000.0030679364
184,6.978971653427121,56.18835269576415,8.837925178144538,8.837925178144538,17243.559341062486,300000.0030696204
185,7.016900847195746,55.853628885632396,8.81200496134795,8.81200496134795,17243.745533474175,300000.00307119405
186,7.054830040964372,55.5198882898079,8.786080453299535,8.786080453299535,17243.93117931617,300000.00307266484
187,7.0927592347329975,55.18713107081513,8.760151666615899,8.760151666615899,17244.116278495105,300000.0030740392
188,7.130688428501624,54.85535739069994,8.734218613915798,8.734218613915798,17244.30083091789,300000.00307532353
189,7.168617622270249,54.52456741102956,8.708281307820139,8.708281307820139,17244.484836491712,300000.00307652354
190,7.206546816038875,54.19476129289246,8.682339760951965,8.682339760951965,17244.66829512395,300000.0030776444
191,7.2444760098075,53.86593919689829,8.656393985936454,8.656393985936454,17244.851206722306,300000.00307869096
192,7.2824052035761255,53.5381012831778,8.630443995400912,8.630443995400912,17245.033571194763,300000.0030796681
193,7.320334397344752,53.211247711382754,8.604489801974765,8.604489801974765,17245.215388449466,300000.0030805796
194,7.358263591113377,52.88537864068584,8.578531418289558,8.578531418289558,17245.396658394908,300000.00308142975
195,7.396192784882003,52.56049422978064,8.55256885697894,8.55256885697894,17245.577380939874,300000.003082222
196,7.434121978650628,52.236594636881456,8.526602130678672,8.526602130678672,17245.75755599329,300000.00308296
197,7.472051172419254,51.91368001972334,8.500631252026603,8.500631252026603,17245.937183464514,300000.0030836467
198,7.50998036618788,51.59175053556192,8.47465623366268,8.47465623366268,17246.11626326306,300000.00308428524
199,7.547909559956506,51.27080634117339,8.448677088228925,8.448677088228925,17246.294795298723,300000.0030848784
200,7.585838753725131,50.95084759285439,8.422693828369454,8.422693828369454,17246.472779481624,300000.00308542873
201,7.623767947493757,50.63187444642192,8.396706466730437,8.396706466730437,17246.650215722082,300000.0030859388
202,7.661697141262382,50.31388705721332,8.370715015960128,8.370715015960128,17246.827103930744,300000.00308641075
203,7.699626335031009,49.99688558008615,8.344719488708826,8.344719488708826,17247.0034440185,300000.003086847
204,7.737555528799634,49.68087016941807,8.318719897628892,8.318719897628892,17247.179235896514,300000.00308724935
205,7.775484722568259,49.365840979106856,8.29271625537473,8.29271625537473,17247.354479476227,300000.0030876198
206,7.813413916336885,49.05179816257026,8.266708574602788,8.266708574602788,17247.529174669377,300000.00308796024
207,7.8513431101055104,48.73874187274592,8.240696867971547,8.240696867971547,17247.70332138792,300000.0030882722
208,7.889272303874137,48.42667226209135,8.214681148141516,8.214681148141516,17247.876919544142,300000.00308855745
209,7.927201497642762,48.11558948258381,8.188661427775225,8.188661427775225,17248.04996905053,300000.00308881735
210,7.965130691411388,47.805493685720215,8.162637719537223,8.162637719537223,17248.222469819942,300000.0030890535
211,8.003059885180013,47.496385022517124,8.136610036094067,8.136610036094067,17248.39442176544,300000.00308926706
212,8.04098907894864,47.188263643510616,8.110578390114318,8.110578390114318,17248.565824800397,300000.00308945944
213,8.078918272717265,46.881129698756205,8.084542794268529,8.084542794268529,17248.7366788384,300000.00308963185
214,8.11684746648589,46.57498333782879,8.058503261229246,8.058503261229246,17248.906983793397,300000.0030897854
215,8.154776660254516,46.269824709822586,8.032459803671001,8.032459803671001,17249.07673957954,300000.0030899211
216,8.192705854023142,45.96565396335103,8.006412434270302,8.006412434270302,17249.245946111332,300000.00309004006
217,8.230635047791768,45.66247124654672,7.980361165705632,7.980361165705632,17249.414603303427,300000.0030901432
218,8.268564241560393,45.3602767070613,7.9543060106574295,7.9543060106574295,17249.582711070907,300000.0030902315
219,8.306493435329019,45.05907049206545,7.928246981808101,7.928246981808101,17249.750269328997,300000.0030903058
220,8.344422629097645,44.75885274824878,7.902184091842001,7.902184091842001,17249.91727799328,300000.00309036684
221,8.38235182286627,44.45962362181973,7.87611735344543,7.87611735344543,17250.083736979585,300000.0030904155
222,8.420281016634895,44.161383258505545,7.850046779306631,7.850046779306631,17250.249646204014,300000.0030904525
223,8.458210210403522,43.86413180355218,7.823972382115777,7.823972382115777,17250.415005582967,300000.00309047854
224,8.496139404172148,43.5678694017242,7.797894174564966,7.797894174564966,17250.57981503312,300000.00309049425
225,8.534068597940772,43.27259619730476,7.771812169348221,7.771812169348221,17250.74407447136,300000.0030905005
226,8.571997791709398,42.978312334095484,7.745726379161477,7.745726379161477,17250.907783814946,300000.0030904976
227,8.609926985478024,42.685017955416434,7.719636816702576,7.719636816702576,17251.07094298135,300000.00309048616
228,8.64785617924665,42.392713204106016,7.693543494671263,7.693543494671263,17251.233551888352,300000.00309046684
229,8.685785373015275,42.101398222520864,7.667446425769175,7.667446425769175,17251.395610453983,300000.0030904401
230,8.723714566783901,41.811073152535876,7.641345622699838,7.641345622699838,17251.55711859659,300000.0030904065
231,8.761643760552527,41.52173813554404,7.615241098168663,7.615241098168663,17251.71807623473,300000.00309036643
232,8.799572954321151,41.23339331245642,7.589132864882933,7.589132864882933,17251.8784832873,300000.00309032045
233,8.837502148089778,40.94603882370208,7.563020935551804,7.563020935551804,17252.03833967346,300000.00309026876
234,8.875431341858404,40.65967480922795,7.53690532288629,7.53690532288629,17252.197645312644,300000.00309021195
235,8.91336053562703,40.37430140849885,7.5107860395992665,7.5107860395992665,17252.35640012455,300000.00309015036
236,8.951289729395654,40.089918760497376,7.484663098405456,7.484663098405456,17252.514604029144,300000.00309008436
237,8.98921892316428,39.80652700372381,7.458536512021424,7.458536512021424,17252.672256946713,300000.0030900143
238,9.027148116932906,39.524126276196085,7.432406293165577,7.432406293165577,17252.82935879779,300000.00308994047
239,9.065077310701533,39.24271671544968,7.406272454558149,7.406272454558149,17252.9859095032,300000.0030898631
240,9.103006504470157,38.9622984585376,7.380135008921201,7.380135008921201,17253.141908984016,300000.0030897827
241,9.140935698238783,38.68287164203026,7.3539939689786085,7.3539939689786085,17253.29735716163,300000.00308969954
242,9.17886489200741,38.40443640201543,7.32784934745606,7.32784934745606,17253.452253957686,300000.00308961363
243,9.216794085776035,38.1269928740982,7.3017011570810535,7.3017011570810535,17253.60659929412,300000.00308952545
244,9.25472327954466,37.85054119340083,7.275549410582879,7.275549410582879,17253.760393093115,300000.0030894353
245,9.292652473313286,37.57508149456278,7.249394120692621,7.249394120692621,17253.913635277186,300000.00308934314
246,9.330581667081912,37.30061391174058,7.223235300143154,7.223235300143154,17254.06632576906,300000.00308924937
247,9.368510860850536,37.02713857860778,7.197072961669128,7.197072961669128,17254.218464491798,300000.00308915414
248,9.406440054619162,36.75465562835488,7.170907118006966,7.170907118006966,17254.370051368718,300000.00308905775
249,9.444369248387789,36.48316519368929,7.144737781894861,7.144737781894861,17254.52108632341,300000.0030889603
250,9.482298442156415,36.212667406835166,7.118564966072762,7.118564966072762,17254.671569279773,300000.00308886205
251,9.520227635925039,35.94316239953349,7.092388683282374,7.092388683282374,17254.821500161914,300000.0030887629
252,9.558156829693665,35.67465030304189,7.066208946267153,7.066208946267153,17254.97087889427,300000.0030886633
253,9.596086023462291,35.40713124813463,7.040025767772287,7.040025767772287,17255.119705401612,300000.0030885633
254,9.634015217230917,35.14060536510253,7.013839160544709,7.013839160544709,17255.267979608856,300000.00308846304
255,9.671944410999542,34.875072783752856,6.987649137333073,6.987649137333073,17255.415701441292,300000.00308836263
256,9.709873604768168,34.61053363340933,6.9614557108877575,6.9614557108877575,17255.562870824488,300000.0030882623
257,9.747802798536794,34.34698804291203,6.935258893960855,6.935258893960855,17255.70948768423,300000.0030881621
258,9.785731992305418,34.08443614061732,6.909058699306168,6.909058699306168,17255.855551946643,300000.00308806205
259,9.823661186074045,33.8228780543978,6.882855139679203,6.882855139679203,17256.0010635381,300000.0030879624
260,9.86159037984267,33.562313911642185,6.856648227837158,6.856648227837158,17256.14602238526,300000.00308786327
261,9.899519573611297,33.302743839255356,6.830437976538923,6.830437976538923,17256.290428415068,300000.0030877646
262,9.937448767379921,33.044167963658175,6.804224398545075,6.804224398545075,17256.43428155475,300000.0030876667
263,9.975377961148547,32.78658641078751,6.778007506617859,6.778007506617859,17256.577581731748,300000.00308756944
264,10.013307154917173,32.529999306096116,6.751787313521201,6.751787313521201,17256.720328873904,300000.00308747304
265,10.0512363486858,32.27440677455258,6.725563832020681,6.725563832020681,17256.86252290924,300000.00308737747
266,10.089165542454424,32.01980894064129,6.699337074883543,6.699337074883543,17257.004163766083,300000.0030872829
267,10.12709473622305,31.766205928362353,6.673107054878677,6.673107054878677,17257.145251373033,300000.0030871893
268,10.165023929991676,31.51359786123152,6.646873784776622,6.646873784776622,17257.285785659027,300000.0030870968
269,10.2029531237603,31.261984862280134,6.620637277349553,6.620637277349553,17257.425766553195,300000.0030870054
270,10.240882317528927,31.011367054055086,6.594397545371279,6.594397545371279,17257.565193984992,300000.0030869153
271,10.278811511297553,30.7617445586187,6.568154601617229,6.568154601617229,17257.70406788417,300000.0030868263
272,10.316740705066179,30.51311749754874,6.5419084588644525,6.5419084588644525,17257.84238818069,300000.0030867387
273,10.354669898834803,30.265485991938313,6.515659129891617,6.515659129891617,17257.98015480485,300000.0030866523
274,10.39259909260343,30.018850162395797,6.489406627478989,6.489406627478989,17258.11736768724,300000.00308656733
275,10.430528286372056,29.773210129044816,6.46315096440844,6.46315096440844,17258.254026758703,300000.0030864838
276,10.468457480140682,29.52856601152412,6.436892153463425,6.436892153463425,17258.390131950327,300000.0030864017
277,10.506386673909306,29.284917928987596,6.410630207428998,6.410630207428998,17258.52568319355,300000.0030863211
278,10.544315867677932,29.04226600010417,6.384365139091783,6.384365139091783,17258.660680420056,300000.00308624195
279,10.582245061446558,28.80061034305774,6.358096961239985,6.358096961239985,17258.795123561777,300000.00308616436
280,10.620174255215185,28.55995107554715,6.331825686663373,6.331825686663373,17258.92901255097,300000.0030860882
281,10.658103448983809,28.320288314786072,6.305551328153274,6.305551328153274,17259.062347320192,300000.00308601366
282,10.696032642752435,28.08162217750301,6.279273898502572,6.279273898502572,17259.19512780217,300000.0030859407
283,10.733961836521061,27.843952779941215,6.2529934105057,6.2529934105057,17259.32735393002,300000.0030858693
284,10.771891030289686,27.607280237858618,6.226709876958631,6.226709876958631,17259.45902563713,300000.00308579963
285,10.809820224058312,27.371604666527798,6.200423310658873,6.200423310658873,17259.590142857083,300000.00308573147
286,10.847749417826938,27.136926180735863,6.174133724405461,6.174133724405461,17259.720705523854,300000.003085665
287,10.885678611595564,26.903244894784475,6.147841130998955,6.147841130998955,17259.850713571588,300000.00308560015
288,10.923607805364188,26.670560922489745,6.12154554324143,6.12154554324143,17259.9801669348,300000.00308553694
289,10.961536999132814,26.438874377182174,6.095246973936468,6.095246973936468,17260.109065548233,300000.00308547536
290,10.99946619290144,26.208185371706623,6.068945435889155,6.068945435889155,17260.23740934694,300000.00308541546
291,11.037395386670067,25.9784940184222,6.042640941906071,6.042640941906071,17260.365198266216,300000.0030853572
292,11.075324580438691,25.749800429202278,6.01633350479529,6.01633350479529,17260.492432241692,300000.0030853006
293,11.113253774207317,25.522104715434388,5.990023137366367,5.990023137366367,17260.619111209195,300000.00308524567
294,11.151182967975943,25.29540698802018,5.963709852430333,5.963709852430333,17260.745235104936,300000.0030851924
295,11.189112161744568,25.06970735737536,5.937393662799691,5.937393662799691,17260.870803865306,300000.0030851408
296,11.227041355513194,24.845005933429658,5.911074581288406,5.911074581288406,17260.995817427043,300000.0030850907
297,11.26497054928182,24.62130282562671,5.884752620711902,5.884752620711902,17261.120275727146,300000.00308504247
298,11.302899743050446,24.39859814292408,5.858427793887051,5.858427793887051,17261.244178702895,300000.0030849957
299,11.34082893681907,24.176891993793166,5.832100113632174,5.832100113632174,17261.36752629184,300000.0030849507
300,11.378758130587697,23.956184486219147,5.80576959276703,5.80576959276703,17261.490318431832,300000.0030849072
301,11.416687324356323,23.73647572770094,5.779436244112805,5.779436244112805,17261.61255506096,300000.0030848654
302,11.454616518124949,23.517765825251114,5.7531000804921115,5.7531000804921115,17261.734236117652,300000.00308482506
303,11.492545711893573,23.300054885395877,5.726761114728984,5.726761114728984,17261.855361540576,300000.00308478647
304,11.5304749056622,23.08334301417501,5.7004193596488655,5.7004193596488655,17261.975931268684,300000.0030847494
305,11.568404099430825,22.867630317141796,5.674074828078605,5.674074828078605,17262.095945241217,300000.003084714
306,11.606333293199452,22.652916899363,5.647727532846454,5.647727532846454,17262.215403397688,300000.00308468
307,11.644262486968076,22.439202865418757,5.6213774867820545,5.6213774867820545,17262.33430567793,300000.00308464764
308,11.682191680736702,22.22648831940259,5.595024702716431,5.595024702716431,17262.452652021948,300000.00308461674
309,11.720120874505328,22.014773364921325,5.568669193481996,5.568669193481996,17262.57044237019,300000.00308458746
310,11.758050068273953,21.80405810509502,5.542310971912528,5.542310971912528,17262.687676663234,300000.0030845596
311,11.795979262042579,21.594342642556956,5.515950050843177,5.515950050843177,17262.804354842054,300000.0030845333
312,11.833908455811205,21.38562707945353,5.4895864431104515,5.4895864431104515,17262.92047684776,300000.0030845084
313,11.871837649579831,21.17791151744426,5.463220161552211,5.463220161552211,17263.036042621938,300000.003084485
314,11.909766843348455,20.971196057701707,5.43685121900767,5.43685121900767,17263.151052106292,300000.00308446307
315,11.947696037117082,20.765480800911416,5.410479628317377,5.410479628317377,17263.265505242896,300000.0030844425
316,11.985625230885708,20.560765847271878,5.384105402323217,5.384105402323217,17263.379401974023,300000.0030844234
317,12.023554424654334,20.357051296494486,5.357728553868407,5.357728553868407,17263.492742242317,300000.0030844057
318,12.061483618422958,20.154337247803454,5.331349095797478,5.331349095797478,17263.60552599068,300000.0030843893
319,12.099412812191584,19.952623799935804,5.3049670409562815,5.3049670409562815,17263.717753162215,300000.00308437436
320,12.13734200596021,19.751911051141303,5.278582402191975,5.278582402191975,17263.82942370043,300000.00308436074
321,12.175271199728835,19.552199099182403,5.252195192353021,5.252195192353021,17263.94053754902,300000.00308434834
322,12.213200393497461,19.35348804133421,5.225805424289176,5.225805424289176,17264.051094651983,300000.00308433734
323,12.251129587266087,19.1557779743844,5.199413110851484,5.199413110851484,17264.161094953633,300000.0030843276
324,12.289058781034713,18.959068994633217,5.173018264892274,5.173018264892274,17264.270538398512,300000.00308431924
325,12.326987974803338,18.763361197893403,5.146620899265151,5.146620899265151,17264.379424931503,300000.00308431196
326,12.364917168571964,18.56865467949014,5.120221026824988,5.120221026824988,17264.48775449771,300000.003084306
327,12.40284636234059,18.374949534261024,5.093818660427925,5.093818660427925,17264.59552704256,300000.0030843013
328,12.440775556109216,18.182245856555976,5.067413812931353,5.067413812931353,17264.70274251173,300000.00308429776
329,12.47870474987784,17.990543740237246,5.041006497193916,5.041006497193916,17264.809400851198,300000.00308429543
330,12.516633943646466,17.799843278679344,5.014596726075505,5.014596726075505,17264.91550200724,300000.00308429427
331,12.554563137415093,17.61014456476898,4.988184512437241,4.988184512437241,17265.02104592634,300000.0030842941
332,12.592492331183719,17.421447690905044,4.961769869141486,4.961769869141486,17265.12603255536,300000.00308429525
333,12.630421524952343,17.233752748998516,4.935352809051815,4.935352809051815,17265.230461841384,300000.00308429747
334,12.66835071872097,17.047059830472474,4.908933345033029,4.908933345033029,17265.334333731775,300000.0030843007
335,12.706279912489595,16.86136902626201,4.882511489951138,4.882511489951138,17265.4376481742,300000.00308430503
336,12.74420910625822,16.6766804268142,4.856087256673355,4.856087256673355,17265.54040511661,300000.00308431045
337,12.782138300026846,16.492994122088064,4.8296606580680965,4.8296606580680965,17265.642604507237,300000.0030843169
338,12.820067493795472,16.310310201554476,4.8032317070049615,4.8032317070049615,17265.744246294536,300000.0030843243
339,12.857996687564098,16.128628754196193,4.776800416354743,4.776800416354743,17265.845330427364,300000.0030843328
340,12.895925881332722,15.947949868507747,4.750366798989411,4.750366798989411,17265.945856854694,300000.0030843422
341,12.933855075101349,15.768273632495438,4.723930867782108,4.723930867782108,17266.045825525947,300000.0030843526
342,12.971784268869975,15.58960013367727,4.697492635607137,4.697492635607137,17266.145236390716,300000.00308436394
343,13.0097134626386,15.411929459082918,4.671052115339969,4.671052115339969,17266.244089398908,300000.00308437616
344,13.047642656407225,15.235261695253662,4.644609319857222,4.644609319857222,17266.3423845007,300000.00308438943
345,13.085571850175851,15.059596928242382,4.618164262036661,4.618164262036661,17266.44012164663,300000.00308440346
346,13.123501043944477,14.88493524361348,4.591716954757194,4.591716954757194,17266.53730078737,300000.0030844184
347,13.161430237713102,14.711276726442856,4.56526741089886,4.56526741089886,17266.63392187399,300000.0030844342
348,13.199359431481728,14.538621461317867,4.5388156433428275,4.5388156433428275,17266.729984857804,300000.00308445084
349,13.237288625250354,14.366969532337245,4.5123616649713805,4.5123616649713805,17266.82548969041,300000.0030844683
350,13.27521781901898,14.196321023111121,4.48590548866792,4.48590548866792,17266.920436323642,300000.0030844866
351,13.313147012787605,14.026676016760934,4.459447127316957,4.459447127316957,17267.014824709753,300000.0030845056
352,13.35107620655623,13.858034595919403,4.432986593804099,4.432986593804099,17267.108654801097,300000.00308452547
353,13.389005400324857,13.690396842730491,4.406523901016051,4.406523901016051,17267.201926550424,300000.003084546
354,13.426934594093483,13.523762838849343,4.380059061840605,4.380059061840605,17267.294639910753,300000.00308456743
355,13.464863787862107,13.358132665442275,4.353592089166634,4.353592089166634,17267.386794835333,300000.0030845894
356,13.502792981630733,13.193506403186712,4.3271229958840856,4.3271229958840856,17267.47839127778,300000.0030846122
357,13.54072217539936,13.029884132271158,4.3006517948839775,4.3006517948839775,17267.5694291919,300000.0030846356
358,13.578651369167986,12.867265932395155,4.274178499058392,4.274178499058392,17267.659908531834,300000.0030846598
359,13.61658056293661,12.705651882769212,4.247703121300458,4.247703121300458,17267.749829251985,300000.0030846846
360,13.654509756705236,12.545042062114824,4.221225674504361,4.221225674504361,17267.83919130708,300000.00308471
361,13.692438950473862,12.385436548664385,4.194746171565329,4.194746171565329,17267.92799465206,300000.003084736
362,13.730368144242487,12.226835420161166,4.1682646253796225,4.1682646253796225,17268.016239242173,300000.0030847627
363,13.768297338011113,12.069238753859276,4.141781048844532,4.141781048844532,17268.10392503299,300000.00308478996
364,13.806226531779739,11.912646626523626,4.115295454858375,4.115295454858375,17268.19105198033,300000.0030848179
365,13.844155725548365,11.757059114429861,4.088807856320479,4.088807856320479,17268.27762004025,300000.00308484625
366,13.88208491931699,11.602476293364372,4.062318266131186,4.062318266131186,17268.363629169166,300000.00308487524
367,13.920014113085616,11.44889823862422,4.03582669719184,4.03582669719184,17268.449079323753,300000.00308490475
368,13.957943306854242,11.296325025017115,4.009333162404785,4.009333162404785,17268.533970460907,300000.0030849348
369,13.995872500622868,11.144756726861372,3.9828376746733523,3.9828376746733523,17268.61830253792,300000.0030849654
370,14.033801694391492,10.994193417985862,3.9563402469018554,3.9563402469018554,17268.702075512258,300000.0030849964
371,14.071730888160118,10.84463517173,3.929840891995589,3.929840891995589,17268.785289341748,300000.003085028
372,14.109660081928745,10.696082060943692,3.903339622860818,3.903339622860818,17268.8679439844,300000.00308506
373,14.147589275697369,10.548534157987303,3.8768364524047705,3.8768364524047705,17268.950039398653,300000.00308509247
374,14.185518469465995,10.401991534731625,3.8503313935356354,3.8503313935356354,17269.03157554307,300000.00308512535
375,14.223447663234621,10.256454262557813,3.8238244591625477,3.8238244591625477,17269.112552376613,300000.00308515877
376,14.261376857003247,10.111922412357393,3.7973156621955924,3.7973156621955924,17269.19296985847,300000.00308519247
377,14.299306050771872,9.968396054532192,3.77080501554579,3.77080501554579,17269.272827948138,300000.0030852267
378,14.337235244540498,9.825875258994326,3.7442925321250957,3.7442925321250957,17269.352126605365,300000.00308526127
379,14.375164438309124,9.684360095166147,3.717778224846389,3.717778224846389,17269.430865790204,300000.00308529625
380,14.41309363207775,9.543850631980206,3.6912621066234657,3.6912621066234657,17269.509045462975,300000.00308533147
381,14.451022825846374,9.404346937879236,3.6647441903710365,3.6647441903710365,17269.586665584302,300000.0030853672
382,14.488952019615,9.265849080816112,3.638224489004718,3.638224489004718,17269.66372611507,300000.00308540324
383,14.526881213383627,9.128357128253805,3.6117030154410266,3.6117030154410266,17269.74022701645,300000.0030854396
384,14.564810407152251,8.991871147165366,3.585179782597371,3.585179782597371,17269.816168249912,300000.00308547623
385,14.602739600920877,8.856391204033864,3.5586548033920447,3.5586548033920447,17269.891549777192,300000.00308551325
386,14.640668794689503,8.721917364852388,3.5321280907442225,3.5321280907442225,17269.9663715603,300000.00308555056
387,14.67859798845813,8.58844969512399,3.5055996575739536,3.5055996575739536,17270.040633561537,300000.0030855882
388,14.716527182226754,8.455988259861659,3.4790695168021513,3.4790695168021513,17270.114335743514,300000.00308562606
389,14.75445637599538,8.32453312358829,3.452537681350592,3.452537681350592,17270.187478069067,300000.0030856641
390,14.792385569764006,8.194084350336652,3.426004164141906,3.426004164141906,17270.260060501383,300000.0030857026
391,14.830314763532632,8.064642003649338,3.3994689780995664,3.3994689780995664,17270.332083003865,300000.0030857412
392,14.868243957301257,7.936206146578763,3.372932136147892,3.372932136147892,17270.403545540223,300000.0030857801
393,14.906173151069883,7.808776841687113,3.3463936512120345,3.3463936512120345,17270.474448074456,300000.00308581913
394,14.944102344838509,7.682354151046318,3.3198535362179724,3.3198535362179724,17270.544790570868,300000.00308585854
395,14.982031538607135,7.556938136238025,3.2933118040925082,3.2933118040925082,17270.614572994004,300000.003085898
396,15.01996073237576,7.432528858353546,3.266768467763254,3.266768467763254,17270.6837953087,300000.0030859378
397,15.057889926144385,7.309126377993861,3.2402235401586337,3.2402235401586337,17270.752457480063,300000.0030859777
398,15.095819119913012,7.186730755269564,3.213677034207873,3.213677034207873,17270.82055947358,300000.00308601785
399,15.133748313681636,7.065342049800839,3.1871289628409922,3.1871289628409922,17270.88810125482,300000.0030860581
400,15.171677507450262,6.944960320717436,3.160579338988801,3.160579338988801,17270.955082789857,300000.0030860985
401,15.209606701218888,6.825585626658617,3.134028175582888,3.134028175582888,17271.02150404489,300000.00308613916
402,15.247535894987514,6.7072180257731615,3.1074754855556206,3.1074754855556206,17271.08736498649,300000.00308617996
403,15.285465088756139,6.589857575719315,3.080921281840136,3.080921281840136,17271.15266558146,300000.0030862208
404,15.323394282524765,6.473504333664765,3.0543655773703318,3.0543655773703318,17271.217405796902,300000.00308626186
405,15.361323476293391,6.358158356286619,3.027808385080863,3.027808385080863,17271.28158560019,300000.003086303
406,15.399252670062017,6.243819699771351,3.0012497179071325,3.0012497179071325,17271.34520495901,300000.00308634434
407,15.437181863830642,6.130488419814808,2.974689588785287,2.974689588785287,17271.408263841302,300000.0030863858
408,15.475111057599268,6.018164571622163,2.948128010652211,2.948128010652211,17271.470762215267,300000.0030864273
409,15.513040251367894,5.906848209907883,2.9215649964455177,2.9215649964455177,17271.532700049484,300000.0030864689
410,15.550969445136518,5.796539388895715,2.8950005591035444,2.8950005591035444,17271.594077312722,300000.0030865106
411,15.588898638905144,5.687238162318653,2.868434711565345,2.868434711565345,17271.654893974035,300000.00308655243
412,15.62682783267377,5.578944583418896,2.841867466770684,2.841867466770684,17271.715150002787,300000.00308659434
413,15.664757026442397,5.471658704947849,2.815298837660029,2.815298837660029,17271.77484536864,300000.00308663625
414,15.702686220211021,5.365380579166077,2.788728837174546,2.788728837174546,17271.833980041538,300000.0030866783
415,15.740615413979647,5.2601102578432855,2.7621574782560927,2.7621574782560927,17271.89255399163,300000.0030867204
416,15.778544607748273,5.155847792258297,2.7355847738472105,2.7355847738472105,17271.950567189477,300000.0030867626
417,15.8164738015169,5.052593233199004,2.7090107368911154,2.7090107368911154,17272.00801960582,300000.0030868048
418,15.854402995285524,4.950346630962379,2.6824353803316994,2.6824353803316994,17272.0649112117,300000.0030868471
419,15.89233218905415,4.849108035354423,2.655858717113517,2.655858717113517,17272.12124197848,300000.00308688945
420,15.930261382822776,4.748877495690149,2.6292807601817825,2.6292807601817825,17272.17701187776,300000.00308693177
421,15.968190576591402,4.6496550607935605,2.6027015224823606,2.6027015224823606,17272.232220881473,300000.0030869742
422,16.006119770360026,4.551440778997604,2.576121016961759,2.576121016961759,17272.28686896179,300000.0030870166
423,16.044048964128653,4.454234698144191,2.5495392565671304,2.5495392565671304,17272.34095609116,300000.003087059
424,16.08197815789728,4.358036865584137,2.522956254246256,2.522956254246256,17272.394482242373,300000.0030871015
425,16.119907351665905,4.2628473281771235,2.496372022947538,2.496372022947538,17272.447447388447,300000.00308714405
426,16.15783654543453,4.168666132291725,2.4697865756200055,2.4697865756200055,17272.499851502693,300000.0030871866
427,16.195765739203154,4.07549332380535,2.443199925213296,2.443199925213296,17272.551694558722,300000.00308722904
428,16.23369493297178,3.983328948104225,2.4166120846776544,2.4166120846776544,17272.602976530423,300000.0030872715
429,16.271624126740406,3.892173050083374,2.390023066963925,2.390023066963925,17272.653697391925,300000.003087314
430,16.309553320509032,3.802025674146593,2.3634328850235446,2.3634328850235446,17272.70385711771,300000.00308735645
431,16.347482514277658,3.712886864206432,2.336841551808537,2.336841551808537,17272.7534556825,300000.0030873989
432,16.385411708046284,3.6247566636841664,2.3102490802715057,2.3102490802715057,17272.80249306133,300000.0030874413
433,16.42334090181491,3.5376351155097825,2.2836554833656284,2.2836554833656284,17272.850969229436,300000.00308748364
434,16.461270095583536,3.451522262121958,2.257060774044651,2.257060774044651,17272.89888416245,300000.0030875259
435,16.49919928935216,3.366418145468012,2.2304649652628723,2.2304649652628723,17272.946237836237,300000.00308756816
436,16.537128483120785,3.282322807003931,2.203868069975155,2.203868069975155,17272.993030226895,300000.00308761024
437,16.57505767688941,3.1992362876943146,2.1772701011369033,2.1772701011369033,17273.039261310918,300000.0030876524
438,16.612986870658037,3.1171586280123647,2.150671071704064,2.150671071704064,17273.084931064957,300000.00308769435
439,16.650916064426664,3.036089867939865,2.1240709946331187,2.1240709946331187,17273.130039466014,300000.0030877361
440,16.68884525819529,2.9560300469671597,2.097469882881074,2.097469882881074,17273.174586491405,300000.00308777776
441,16.726774451963916,2.8769792040931335,2.070867749405461,2.070867749405461,17273.21857211863,300000.0030878194
442,16.76470364573254,2.7989373778251947,2.0442646071643242,2.0442646071643242,17273.261996325582,300000.0030878609
443,16.802632839501165,2.721904606179252,2.0176604691162163,2.0176604691162163,17273.304859090353,300000.00308790227
444,16.84056203326979,2.645880926679698,1.9910553482201911,1.9910553482201911,17273.3471603914,300000.00308794377
445,16.878491227038417,2.5708663763593953,1.9644492574358008,1.9644492574358008,17273.388900207337,300000.0030879853
446,16.916420420807043,2.496860991759633,1.9378422097230779,1.9378422097230779,17273.430078517194,300000.0030880268
447,16.95434961457567,2.4238648089301464,1.9112342180425455,1.9112342180425455,17273.470695300246,300000.0030880682
448,16.992278808344295,2.3518778634290736,1.8846252953551978,1.8846252953551978,17273.510750535977,300000.00308810966
449,17.030208002112918,2.280900190322944,1.8580154546225005,1.8580154546225005,17273.550244204216,300000.0030881509
450,17.068137195881544,2.210931824186659,1.831404708806381,1.831404708806381,17273.5891762851,300000.0030881921
451,17.10606638965017,2.141972799103477,1.8047930708692212,1.8047930708692212,17273.62754675899,300000.0030882332
452,17.143995583418796,2.0740231486649954,1.7781805537738542,1.7781805537738542,17273.665355606572,300000.00308827404
453,17.181924777187422,2.007082905971133,1.7515671704835554,1.7515671704835554,17273.702602808768,300000.0030883149
454,17.21985397095605,1.9411521036301123,1.7249529339620358,1.7249529339620358,17273.73928834687,300000.00308835565
455,17.257783164724675,1.8762307737584532,1.6983378571734393,1.6983378571734393,17273.77541220236,300000.0030883963
456,17.2957123584933,1.8123189479809283,1.6717219530823257,1.6717219530823257,17273.810974357013,300000.0030884368
457,17.333641552261923,1.7494166574305854,1.6451052346536796,1.6451052346536796,17273.845974793,300000.00308847724
458,17.37157074603055,1.6875239327487073,1.6184877148528924,1.6184877148528924,17273.880413492596,300000.0030885175
459,17.409499939799176,1.626640804084802,1.5918694066457597,1.5918694066457597,17273.914290438523,300000.00308855786
460,17.447429133567802,1.5667673010965877,1.5652503229984738,1.5652503229984738,17273.94760561365,300000.00308859785
461,17.485358327336428,1.5079034529499786,1.538630476877618,1.538630476877618,17273.980359001278,300000.0030886379
462,17.523287521105054,1.4500492883190692,1.5120098812501592,1.5120098812501592,17274.012550584823,300000.00308867765
463,17.56121671487368,1.39320483538612,1.4853885490834426,1.4853885490834426,17274.044180348126,300000.00308871735
464,17.599145908642303,1.3373701218415437,1.458766493345184,1.458766493345184,17274.07524827522,300000.00308875693
465,17.63707510241093,1.282545174883896,1.4321437270034665,1.4321437270034665,17274.10575435048,300000.0030887963
466,17.675004296179555,1.2287300212198424,1.4055202630267232,1.4055202630267232,17274.13569855852,300000.0030888356
467,17.71293348994818,1.1759246870641737,1.3788961143837464,1.3788961143837464,17274.16508088426,300000.0030888746
468,17.750862683716807,1.124129198139774,1.3522712940436707,1.3522712940436707,17274.193901312916,300000.00308891357
469,17.788791877485433,1.0733435796776116,1.3256458149759696,1.3256458149759696,17274.222159829947,300000.0030889523
470,17.82672107125406,1.0235678564167274,1.299019690150448,1.299019690150448,17274.249856421106,300000.00308899075
471,17.864650265022686,0.9748020526042215,1.2723929325372358,1.2723929325372358,17274.27699107248,300000.00308902905
472,17.90257945879131,0.9270461919952414,1.2457655551067812,1.2457655551067812,17274.303563770372,300000.0030890672
473,17.940508652559934,0.8803002978529703,1.2191375708298466,1.2191375708298466,17274.32957450139,300000.00308910507
474,17.97843784632856,0.8345643929486147,1.1925089926774985,1.1925089926774985,17274.355023252472,300000.0030891427
475,18.016367040097187,0.7898384995613937,1.1658798336211034,1.1658798336211034,17274.379910010757,300000.0030891802
476,18.054296233865813,0.7461226394785311,1.1392501066323222,1.1392501066323222,17274.404234763697,300000.0030892174
477,18.09222542763444,0.7034168339952287,1.112619824683094,1.112619824683094,17274.427997499097,300000.00308925455
478,18.130154621403065,0.6617211039146798,1.0859890007456465,1.0859890007456465,17274.451198204944,300000.00308929145
479,18.168083815171688,0.6210354695480423,1.0593576477924762,1.0593576477924762,17274.473836869576,300000.00308932824
480,18.206013008940314,0.581359950714433,1.0327257787963475,1.0327257787963475,17274.49591348157,300000.00308936485
481,18.24394220270894,0.5426945667409171,1.0060934067302838,1.0060934067302838,17274.517428029827,300000.00308940146
482,18.281871396477566,0.5050393364624987,0.9794605445675619,0.9794605445675619,17274.538380503487,300000.00308943813
483,18.319800590246192,0.4683942782221111,0.9528272052817061,0.9528272052817061,17274.558770892017,300000.0030894749
484,18.35772978401482,0.43275940987060796,0.9261934018464802,0.9261934018464802,17274.578599185144,300000.0030895119
485,18.395658977783444,0.3981347487667541,0.8995591472358822,0.8995591472358822,17274.597865372878,300000.0030895491
486,18.43358817155207,0.3645203117772197,0.8729244544241397,0.8729244544241397,17274.61656944552,300000.00308958656
487,18.471517365320693,0.3319161152765597,0.8462893363856934,0.8462893363856934,17274.634711393635,300000.00308962405
488,18.50944655908932,0.30032217514722376,0.8196538060952063,0.8196538060952063,17274.652291208095,300000.00308966124
489,18.547375752857945,0.26973850677953654,0.7930178765275466,0.7930178765275466,17274.66930888,300000.00308969815
490,18.58530494662657,0.2401651250716922,0.7663815606577837,0.7663815606577837,17274.685764400794,300000.00308973447
491,18.623234140395198,0.2116020444297474,0.7397448714611816,0.7397448714611816,17274.701657762194,300000.0030897705
492,18.661163334163824,0.184049278767614,0.7131078219131926,0.7131078219131926,17274.716988956206,300000.0030898062
493,18.69909252793245,0.1575068415070519,0.6864704249894495,0.6864704249894495,17274.731757975096,300000.0030898415
494,18.737021721701073,0.13197474557766242,0.6598326936657619,0.6598326936657619,17274.745964811416,300000.00308987667
495,18.7749509154697,0.10745300341688167,0.6331946409181057,0.6331946409181057,17274.759609458037,300000.00308991154
496,18.812880109238325,0.08394162696997441,0.6065562797226197,0.6065562797226197,17274.772691908052,300000.0030899464
497,18.85080930300695,0.06144062769003,0.5799176230556006,0.5799176230556006,17274.7852121549,300000.0030899809
498,18.888738496775577,0.03995001653794837,0.5532786838934859,0.5532786838934859,17274.797170192316,300000.0030900161
499,18.926667690544203,0.019469803982447062,0.5266394752128639,0.5266394752128639,17274.808566014148,300000.0030900497
500,18.96459688431283,8.470329472543242e-24,0.5000000099929598,0.5000000099929598,17274.81939939779,300000.0030844322
